age,d18O
0.0,-9.66
100.0,-9.070938511326862
200.0,-9.034751915708812
300.0,-8.997156768837804
400.0,-8.76613888888889
500.0,-8.93538888888889
600.0,-9.072666666666667
700.0,-8.849203703703704
800.0,-8.606023375834852
900.0,-8.777407907425266
1000.0,-8.979070855614973
1100.0,-8.88602380952381
1200.0,-8.902761904761904
1300.0,-8.93597268907563
1400.0,-9.049077030812324
1500.0,-8.954577922077922
1600.0,-9.031189655172414
1700.0,-8.936262315270936
1800.0,-9.01977824502383
1900.0,-9.034115271659324
2000.0,-8.682628697293897
2100.0,-8.921380952380954
2200.0,-8.972380952380952
2300.0,-9.22007142857143
2400.0,-8.856953634085214
2500.0,-8.618444568452382
2600.0,-9.1093709375
2700.0,-9.02953076923077
2800.0,-9.156265384615384
2900.0,-9.4823725
3000.0,-9.107632211538462
3100.0,-9.026707386363636
3200.0,-9.117582386363637
3300.0,-9.019064935064936
3400.0,-9.163654867256637
3500.0,-9.499688790560473
3600.0,-9.743883333333333
3700.0,-9.418166666666668
3800.0,-9.63568888888889
3900.0,-9.536444444444445
4000.0,-9.732700000000001
4100.0,-9.743020376175549
4200.0,-9.870695652173913
4300.0,-9.878683035714285
4400.0,-9.7068125
4500.0,-9.511859307359309
4600.0,-9.888897321428571
4700.0,-9.770396708683474
4800.0,-9.739379244380679
4900.0,-10.106093495934958
5000.0,-9.964121951219512
5100.0,-9.9159
5200.0,-10.007046904315196
5300.0,-9.80891651031895
5400.0,-10.0760108401084
5500.0,-10.148947735191637
5600.0,-10.120961538461538
5700.0,-10.48875101214575
5800.0,-10.259648325358853
5900.0,-10.36167441860465
6000.0,-10.387679425837321
6100.0,-10.421114250614252
6200.0,-10.353296650717702
6300.0,-10.41464832535885
6400.0,-10.309812200956937
6500.0,-10.460205741626794
6600.0,-10.171092731829575
6700.0,-10.232875255623721
6800.0,-10.392077709611453
6900.0,-10.417946830265848
7000.0,-10.37714928425358
7100.0,-10.521200223089794
7200.0,-10.543789486346686
7300.0,-10.628482136412847
7400.0,-10.67220768777512
7500.0,-10.613875839906516
7600.0,-10.511208094201464
7700.0,-10.594972222222221
7800.0,-10.612666666666668
7900.0,-10.443688202247191
8000.0,-10.445
8100.0,-10.19221505376344
8200.0,-10.334012572533847
8300.0,-10.446299999999999
8400.0,-10.6879
8500.0,-10.52512962962963
8600.0,-10.402933333333333
8700.0,-10.587652618135376
8800.0,-10.696431318681318
8900.0,-10.33839400921659
9000.0,-10.505399594320487
9100.0,-10.138362068965517
9200.0,-10.06355357142857
9300.0,-10.515615147783251
9400.0,-10.40898275862069
9500.0,-10.488954022988505
9600.0,-10.085090909090908
9700.0,-10.367596656217346
9800.0,-10.418848484848485
9900.0,-10.296440438871473
10000.0,-10.257737616099071
10100.0,-10.510944444444444
10200.0,-10.436388888888889
10300.0,-10.355977554179567
10400.0,-10.221025493421052
10500.0,-10.331559210526315
10600.0,-10.234260690789473
10700.0,-9.84225
10800.0,-10.062067434210526
10900.0,-9.68587181663837
11000.0,-10.088567434210525
11100.0,-9.84378125
11200.0,-9.378773026315788
11300.0,-9.48286677631579
11400.0,-9.208676470588236
11500.0,-8.74684090909091
11600.0,-8.368318181818182
11700.0,-8.326270562770564
11800.0,-8.39132558139535
11900.0,-8.382736631016044
12000.0,-8.186826704545453
12100.0,-8.176445454545455
12200.0,-8.178077922077922
12300.0,-8.153674924924925
12400.0,-8.385664285714284
12500.0,-8.670306020066889
12600.0,-8.770934782608695
12700.0,-8.884957219251337
12800.0,-9.497967647058823
12900.0,-9.459999999999999
13000.0,-9.11
13100.0,-9.755
13200.0,-9.07923076923077
13300.0,-9.84142857142857
13400.0,-10.246666666666666
13500.0,-9.28076923076923
13600.0,-9.68
13700.0,-10.07
13800.0,-9.690833333333334
13900.0,-9.023846153846154
14000.0,-9.147142857142857
14100.0,-9.683076923076923
14200.0,-9.185
14300.0,-9.351176470588236
14400.0,-9.033333333333333
14500.0,-8.58764705882353
14600.0,-9.03
14700.0,-7.4
14800.0,-7.613513513513514
14900.0,-7.69
15000.0,-7.29
15100.0,-6.91
15200.0,-7.09
15300.0,-7.05
15400.0,-7.036666666666667
15500.0,-7.7
15600.0,-7.4
15700.0,-7.215
15800.0,-6.55
15900.0,-6.49
16000.0,-6.675
16100.0,-6.18
16200.0,-7.8125
16300.0,-7.445
16400.0,-7.37
16500.0,-7.985
16600.0,-6.91
16700.0,-7.51
16800.0,-7.75
16900.0,-7.1
17000.0,-7.32
17100.0,-7.81
17200.0,-8.225
17300.0,-8.29
17400.0,-8.106666666666667
17500.0,-8.103333333333333
17600.0,-7.6
17700.0,-7.33
17800.0,-7.59
17900.0,-8.5
18000.0,-9.2
18100.0,-8.4
18200.0,-8.56
18300.0,-8.469999999999999
18400.0,-8.69
18500.0,-7.98
18600.0,-8.39
18700.0,-10.01
18800.0,-8.97
18900.0,-8.87
19000.0,-8.64
19100.0,-8.39
19200.0,-8.7
19300.0,-8.228
19400.0,-7.886666666666667
19500.0,-8.14
19600.0,-7.65
19700.0,-7.84
19800.0,-8.19
19900.0,-7.75
20000.0,-7.535
20100.0,-7.76
20200.0,-7.6899999999999995
20300.0,-7.49
20400.0,-7.58
20500.0,-7.736666666666667
20600.0,-7.779999999999999
20700.0,-7.94
20800.0,-7.3025
20900.0,-7.77
21000.0,-7.415
21100.0,-7.79
21200.0,-7.6
21300.0,-7.36
21400.0,-7.45
21500.0,-8.0
21600.0,-7.425
21700.0,-7.49
21800.0,-7.515000000000001
21900.0,-7.6414285714285715
22000.0,-8.25
22100.0,-7.56
22200.0,-7.39
22300.0,-7.17
22400.0,-7.316666666666666
22500.0,-7.2299999999999995
22600.0,-7.69
22700.0,-7.51
22800.0,-7.68
22900.0,-7.91
23000.0,-7.42
23100.0,-7.44
23200.0,-7.91
23300.0,-7.56
23400.0,-7.863333333333333
23500.0,-7.763333333333334
23600.0,-7.5
23700.0,-7.5
23800.0,-7.13
23900.0,-7.255
24000.0,-6.65
24100.0,-6.4479999999999995
24200.0,-6.7379999999999995
24300.0,-6.42
24400.0,-6.822
24500.0,-6.52
24600.0,-8.0
24700.0,-7.79
24800.0,-8.06
24900.0,-8.02
25000.0,-7.613333333333333
25100.0,-7.906666666666666
25200.0,-7.75
25300.0,-7.506666666666667
25400.0,-7.904999999999999
25500.0,-7.593333333333333
25600.0,-7.53
25700.0,-7.29
25800.0,-7.75
25900.0,-7.6899999999999995
26000.0,-8.12
26100.0,-7.82
26200.0,-8.006666666666668
26300.0,-8.61
26400.0,-7.736666666666667
26500.0,-8.49
26600.0,-7.94
26700.0,-9.37
26800.0,-8.655000000000001
26900.0,-8.26
27000.0,-8.355
27100.0,-8.502500000000001
27200.0,-8.225
27300.0,-8.565
27400.0,-8.587499999999999
27500.0,-8.545
27600.0,-8.6725
27700.0,-8.93
27800.0,-9.43
27900.0,-9.07
28000.0,-8.24
28100.0,-8.31
28200.0,-8.335
28300.0,-8.421428571428573
28400.0,-8.46
28500.0,-8.48
28600.0,-8.51
28700.0,-8.79
28800.0,-9.126666666666667
28900.0,-9.67
29000.0,-9.933333333333334
29100.0,-9.686666666666666
29200.0,-8.793333333333333
29300.0,-8.94
29400.0,-8.675
29500.0,-8.254999999999999
29600.0,-8.84
29700.0,-8.377500000000001
29800.0,-8.34
29900.0,-8.52
30000.0,-8.46
30100.0,-7.9325
30200.0,-8.46
30300.0,-8.55
30400.0,-8.55
30500.0,-8.776
30600.0,-8.608
30700.0,-9.206
30800.0,-9.434000000000001
30900.0,-9.01
31000.0,-8.824
31100.0,-8.886
31200.0,-8.891428571428571
31300.0,-8.89
31400.0,-8.78
31500.0,-8.792857142857143
31600.0,-8.555714285714286
31700.0,-8.762500000000001
31800.0,-8.355714285714285
31900.0,-8.625
32000.0,-8.971428571428572
32100.0,-9.385
32200.0,-9.504999999999999
32300.0,-9.263333333333334
32400.0,-9.812000000000001
32500.0,-10.04
32600.0,-9.85
32700.0,-8.57
32800.0,-8.5
32900.0,-8.83
33000.0,-8.69
33100.0,-8.752857142857144
33200.0,-8.667142857142856
33300.0,-8.62
33400.0,-9.0575
33500.0,-9.377142857142857
33600.0,-9.48375
33700.0,-9.435714285714287
33800.0,-9.221428571428572
33900.0,-9.537142857142857
34000.0,-9.442857142857143
34100.0,-8.73
34200.0,-8.489999999999998
34300.0,-8.675714285714285
34400.0,-8.686
34500.0,-8.744
34600.0,-8.948
34700.0,-9.190000000000001
34800.0,-9.386
34900.0,-9.352
35000.0,-9.716000000000001
35100.0,-10.216
35200.0,-9.92
35300.0,-9.395
35400.0,-9.698571428571428
35500.0,-9.75
35600.0,-8.805
35700.0,-8.732857142857142
35800.0,-8.923333333333334
35900.0,-8.66
36000.0,-8.285714285714285
36100.0,-8.514999999999999
36200.0,-8.56857142857143
36300.0,-8.715
36400.0,-8.64
36500.0,-9.002222222222223
36600.0,-9.007142857142858
36700.0,-9.701428571428572
36800.0,-9.34625
36900.0,-9.4925
37000.0,-9.61
37100.0,-9.472
37200.0,-9.46
37300.0,-9.5425
37400.0,-9.54
37500.0,-9.952
37600.0,-9.788
37700.0,-9.6
37800.0,-9.78
37900.0,-9.77
38000.0,-9.51
38100.0,-9.356666666666667
38200.0,-9.83
38300.0,-9.246
38400.0,-8.411666666666665
38500.0,-8.45
38600.0,-8.482
38700.0,-8.209999999999999
38800.0,-8.110000000000001
38900.0,-8.046
39000.0,-8.264
39100.0,-7.88
39200.0,-8.0825
39300.0,-7.99
39400.0,-7.880000000000001
39500.0,-7.5175
39600.0,-7.632
39700.0,-8.515
39800.0,-8.370000000000001
39900.0,-8.35
40000.0,-9.850000000000001
40100.0,-9.725
40200.0,-9.49
40300.0,-9.0475
40400.0,-9.097999999999999
40500.0,-8.933333333333334
40600.0,-9.1275
40700.0,-9.155
40800.0,-9.017999999999999
40900.0,-9.276
41000.0,-9.71
41100.0,-9.746666666666666
41200.0,-9.235000000000001
41300.0,-9.38
41400.0,-9.911999999999999
41500.0,-9.34
41600.0,-9.549999999999999
41700.0,-8.837499999999999
41800.0,-8.95
41900.0,-8.245
42000.0,-8.5175
42100.0,-8.28
42200.0,-8.98
42300.0,-8.925714285714285
42400.0,-9.065
42500.0,-9.902222222222221
42600.0,-9.603636363636364
42700.0,-9.63
42800.0,-9.423333333333334
42900.0,-9.793333333333333
43000.0,-10.020000000000001
43100.0,-9.0
43200.0,-9.435714285714287
43300.0,-9.736666666666666
43400.0,-9.36
43500.0,-9.146666666666667
43600.0,-9.241428571428571
43700.0,-8.462857142857143
43800.0,-8.36
43900.0,-8.36
44000.0,-8.551428571428572
44100.0,-8.508571428571429
44200.0,-8.477777777777778
44300.0,-8.794
44400.0,-8.696
44500.0,-8.968
44600.0,-9.44
44700.0,-10.0225
44800.0,-9.2
44900.0,-9.141428571428571
45000.0,-9.234285714285715
45100.0,-8.855714285714287
45200.0,-9.32625
45300.0,-9.1075
45400.0,-9.45
45500.0,-9.006
45600.0,-9.091999999999999
45700.0,-9.165000000000001
45800.0,-9.553333333333333
45900.0,-10.136666666666667
46000.0,-10.18
46100.0,-9.546666666666667
46200.0,-10.15
46300.0,-9.695
46400.0,-9.92
46500.0,-10.725
46600.0,-9.459999999999999
46700.0,-9.748
46800.0,-9.475999999999999
46900.0,-9.4875
47000.0,-9.622
47100.0,-9.66
47200.0,-9.6875
47300.0,-8.375
47400.0,-8.175625
47500.0,-8.129999999999999
47600.0,-8.430000000000001
47700.0,-8.31
47800.0,-8.249230769230769
47900.0,-8.233846153846153
48000.0,-8.153333333333334
48100.0,-7.817142857142858
48200.0,-8.115555555555556
48300.0,-8.386666666666667
48400.0,-8.696250000000001
48500.0,-8.785
48600.0,-9.004444444444445
48700.0,-9.216
48800.0,-9.016666666666666
48900.0,-9.225000000000001
49000.0,-9.68
49100.0,-9.39
49200.0,-9.74
49300.0,-10.412500000000001
49400.0,-10.295
49500.0,-10.696666666666667
49600.0,-9.72
49700.0,-9.116666666666667
49800.0,-8.96
49900.0,-9.51
50000.0,-9.473333333333333
50100.0,-9.4825
50200.0,-9.565000000000001
50300.0,-9.75
50400.0,-9.06
50500.0,-8.745000000000001
50600.0,-9.6425
50700.0,-9.83
50800.0,-9.31
50900.0,-9.482000000000001
51000.0,-9.723333333333333
51100.0,-9.582
51200.0,-9.824
51300.0,-9.350000000000001
51400.0,-9.692
51500.0,-9.745000000000001
51600.0,-9.565000000000001
51700.0,-9.805
51800.0,-9.862
51900.0,-9.71
52000.0,-9.975
52100.0,-9.815000000000001
52200.0,-9.74
52300.0,-9.96
52400.0,-9.846666666666666
52500.0,-9.942
52600.0,-9.966666666666667
52700.0,-10.312
52800.0,-9.918
52900.0,-10.28
53000.0,-10.187142857142856
53100.0,-10.102
53200.0,-9.84
53300.0,-10.043333333333333
53400.0,-9.725
53500.0,-10.152857142857142
53600.0,-9.86
53700.0,-9.860000000000001
53800.0,-9.695
53900.0,-9.389999999999999
54000.0,-9.661428571428571
54100.0,-9.68
54200.0,-9.518
54300.0,-9.273333333333333
54400.0,-9.13
54500.0,-9.118
54600.0,-9.028
54700.0,-8.75
54800.0,-8.55
54900.0,-8.654285714285715
55000.0,-8.49
55100.0,-8.558
55200.0,-8.99
55300.0,-9.83
55400.0,-9.836
55500.0,-9.796666666666667
55600.0,-10.08
55700.0,-9.474285714285713
55800.0,-9.24
55900.0,-8.67
56000.0,-9.04
56100.0,-9.12
56200.0,-9.34
56300.0,-9.540000000000001
56400.0,-9.95
56500.0,-9.814285714285713
56600.0,-9.93
56700.0,-9.98
56800.0,-9.870000000000001
56900.0,-9.6
57000.0,-9.785
57100.0,-10.1225
57200.0,-10.026666666666666
57300.0,-10.33
57400.0,-9.973333333333334
57500.0,-10.44
57600.0,-9.8675
57700.0,-9.9325
57800.0,-9.905000000000001
57900.0,-10.02
58000.0,-9.98
58100.0,-9.875
58200.0,-9.95
58300.0,-9.190000000000001
58400.0,-9.63
58500.0,-9.806666666666667
58600.0,-8.79
58700.0,-8.783333333333333
58800.0,-9.373333333333333
58900.0,-9.386666666666667
59000.0,-9.493333333333334
59100.0,-9.38
59200.0,-9.62
59300.0,-9.81
59400.0,-8.7675
59500.0,-9.344999999999999
59600.0,-9.2775
59700.0,-10.022
59800.0,-8.52
59900.0,-8.366666666666667
60000.0,-8.313333333333333
60100.0,-8.32
60200.0,-8.174
60300.0,-8.120909090909091
60400.0,-8.116363636363637
60500.0,-8.247142857142856
60600.0,-8.282857142857143
60700.0,-8.21888888888889
60800.0,-8.23
60900.0,-8.196666666666665
61000.0,-8.127777777777776
61100.0,-8.1
61200.0,-8.174999999999999
61300.0,-8.412222222222221
61400.0,-8.41
61500.0,-8.41
61600.0,-7.9159999999999995
61700.0,-7.878333333333334
61800.0,-7.97
61900.0,-8.0725
62000.0,-8.067272727272726
62100.0,-8.084
62200.0,-8.023333333333333
62300.0,-8.25
62400.0,-8.365555555555556
62500.0,-8.44125
62600.0,-8.387272727272727
62700.0,-8.42
62800.0,-8.456
62900.0,-8.475000000000001
63000.0,-8.475000000000001
63100.0,-8.5
63200.0,-8.541818181818183
63300.0,-8.366666666666667
63400.0,-8.37888888888889
63500.0,-8.303333333333333
63600.0,-8.363333333333333
63700.0,-8.513333333333332
63800.0,-8.593333333333332
63900.0,-8.424999999999999
64000.0,-8.384
64100.0,-8.436666666666667
64200.0,-8.442857142857143
64300.0,-8.55
64400.0,-8.966666666666667
64500.0,-8.706
64600.0,-8.66
64700.0,-8.46
64800.0,-8.828
64900.0,-8.799090909090909
65000.0,-8.941333333333333
65100.0,-9.098181818181818
65200.0,-8.79
65300.0,-8.82
65400.0,-8.702
65500.0,-8.32
65600.0,-8.34
65700.0,-8.135
65800.0,-8.326666666666666
65900.0,-7.795
66000.0,-7.7727272727272725
66100.0,-8.066153846153846
66200.0,-8.287272727272727
66300.0,-8.253571428571428
66400.0,-8.332142857142857
66500.0,-8.33
66600.0,-8.484166666666667
66700.0,-8.425833333333333
66800.0,-8.73
66900.0,-8.141666666666667
67000.0,-7.958333333333334
67100.0,-8.25
67200.0,-8.195454545454545
67300.0,-8.55
67400.0,-8.466666666666667
67500.0,-8.38923076923077
67600.0,-8.535384615384617
67700.0,-8.44
67800.0,-8.166363636363636
67900.0,-7.83
68000.0,-7.9799999999999995
68100.0,-8.02923076923077
68200.0,-7.875384615384616
68300.0,-8.0
68400.0,-8.070833333333335
68500.0,-8.279166666666667
68600.0,-8.021
68700.0,-9.1
68800.0,-9.085714285714285
68900.0,-9.09
69000.0,-9.016
69100.0,-8.782
69200.0,-8.17
69300.0,-7.468333333333334
69400.0,-7.87
69500.0,-8.12
69600.0,-8.72
69700.0,-8.927142857142856
69800.0,-8.84
69900.0,-8.92
70000.0,-8.748
70100.0,-8.474
70200.0,-9.190000000000001
70300.0,-9.49
70400.0,-9.07
70500.0,-9.2375
70600.0,-9.526666666666667
70700.0,-9.63
70800.0,-9.453999999999999
70900.0,-9.54
71000.0,-10.110000000000001
71100.0,-9.212499999999999
71200.0,-9.355
71300.0,-9.195
71400.0,-9.435
71500.0,-9.05
71600.0,-9.093333333333334
71700.0,-9.124
71800.0,-9.236
71900.0,-9.695
72000.0,-9.35
72100.0,-9.34
72200.0,-9.166666666666668
72300.0,-7.79
72400.0,-8.123333333333333
72500.0,-7.63
72600.0,-7.7
72700.0,-7.29
72800.0,-7.185
72900.0,-6.93
73000.0,-7.2
73100.0,-6.9350000000000005
73200.0,-6.72
73300.0,-7.906666666666667
73400.0,-9.085
73500.0,-8.62
73600.0,-9.036666666666667
73700.0,-9.145
73800.0,-8.57
73900.0,-8.613333333333333
74000.0,-8.743333333333334
74100.0,-8.959999999999999
74200.0,-9.063333333333334
74300.0,-9.356666666666666
74400.0,-9.106666666666667
74500.0,-9.246666666666668
74600.0,-9.2
74700.0,-9.200000000000001
74800.0,-9.386666666666667
74900.0,-9.03
75000.0,-9.37
75100.0,-8.8
75200.0,-8.825
75300.0,-8.476666666666667
75400.0,-8.43
75500.0,-8.503333333333334
75600.0,-8.8175
75700.0,-8.335
75800.0,-8.553333333333335
75900.0,-8.54
76000.0,-8.36
76100.0,-8.02
76200.0,-8.1125
76300.0,-7.76
76400.0,-7.54
76500.0,-7.44
76600.0,-7.396
76700.0,-7.42
76800.0,-7.266
76900.0,-7.218
77000.0,-7.672
77100.0,-8.058
77200.0,-8.73
77300.0,-8.675
77400.0,-8.472000000000001
77500.0,-8.806666666666667
77600.0,-9.048
77700.0,-9.17
77800.0,-9.62
77900.0,-9.54
78000.0,-9.674
78100.0,-9.232000000000001
78200.0,-9.568
78300.0,-9.34
78400.0,-8.85
78500.0,-9.15
78600.0,-9.285
78700.0,-9.09
78800.0,-9.06
78900.0,-9.3475
79000.0,-9.629999999999999
79100.0,-9.8
79200.0,-9.616
79300.0,-9.424999999999999
79400.0,-9.605
79500.0,-9.745000000000001
79600.0,-10.14
79700.0,-10.07
79800.0,-9.54
79900.0,-9.962499999999999
80000.0,-10.06
80100.0,-9.9275
80200.0,-10.19
80300.0,-10.05
80400.0,-9.955
80500.0,-9.638
80600.0,-9.96
80700.0,-9.93
80800.0,-10.31
80900.0,-10.282
81000.0,-9.96
81100.0,-10.22
81200.0,-10.273333333333333
81300.0,-9.816666666666666
81400.0,-10.446666666666667
81500.0,-10.62
81600.0,-10.216666666666667
81700.0,-10.526666666666666
81800.0,-10.326666666666666
81900.0,-10.32
82000.0,-10.6
82100.0,-10.113333333333333
82200.0,-10.77
82300.0,-10.823333333333332
82400.0,-10.803333333333333
82500.0,-10.96
82600.0,-10.77
82700.0,-11.072500000000002
82800.0,-10.78
82900.0,-10.887500000000001
83000.0,-10.59
83100.0,-10.5525
83200.0,-10.58
83300.0,-10.62
83400.0,-10.68
83500.0,-10.6
83600.0,-10.592
83700.0,-10.603
83800.0,-10.495555555555555
83900.0,-10.190000000000001
84000.0,-10.338000000000001
84100.0,-10.074
84200.0,-9.732
84300.0,-9.244
84400.0,-9.033999999999999
84500.0,-8.652
84600.0,-9.540000000000001
84700.0,-9.818181818181818
84800.0,-9.716666666666667
84900.0,-9.808333333333334
85000.0,-9.265
85100.0,-9.055
85200.0,-9.046666666666667
85300.0,-9.105
85400.0,-9.121666666666666
85500.0,-8.846666666666668
85600.0,-8.905000000000001
85700.0,-8.81
85800.0,-8.82
85900.0,-8.61
86000.0,-8.64
86100.0,-8.4525
86200.0,-8.565
86300.0,-8.5425
86400.0,-8.59
86500.0,-8.82375
86600.0,-8.772857142857143
86700.0,-8.65
86800.0,-8.7025
86900.0,-8.518571428571429
87000.0,-8.51
87100.0,-8.405
87200.0,-8.3675
87300.0,-8.328888888888889
87400.0,-8.22
87500.0,-8.290000000000001
87600.0,-8.143333333333333
87700.0,-8.3
87800.0,-8.2325
87900.0,-8.226666666666667
88000.0,-8.215
88100.0,-8.16625
88200.0,-8.372499999999999
88300.0,-8.43125
88400.0,-8.54
88500.0,-9.059999999999999
88600.0,-9.415
88700.0,-9.61
88800.0,-9.6225
88900.0,-9.32
89000.0,-9.07
89100.0,-8.85
89200.0,-8.8325
89300.0,-8.855
89400.0,-8.629999999999999
89500.0,-8.55
89600.0,-8.690000000000001
89700.0,-8.53125
89800.0,-8.325000000000001
89900.0,-8.185
90000.0,-8.27
90100.0,-7.736666666666667
90200.0,-7.625
90300.0,-7.7125
90400.0,-8.26
90500.0,-8.1475
90600.0,-8.24
90700.0,-8.084999999999999
90800.0,-8.08
90900.0,-8.071428571428571
91000.0,-7.925000000000001
91100.0,-7.72125
91200.0,-7.483333333333333
91300.0,-7.7299999999999995
91400.0,-8.4
91500.0,-7.636666666666667
91600.0,-7.416666666666667
91700.0,-7.8
91800.0,-7.4799999999999995
91900.0,-7.48
92000.0,-7.52
92100.0,-7.373333333333333
92200.0,-7.28
92300.0,-7.406666666666666
92400.0,-7.46
92500.0,-7.53
92600.0,-7.586666666666667
92700.0,-7.495
92800.0,-7.33
92900.0,-7.35
93000.0,-7.388
93100.0,-7.37
93200.0,-7.253333333333333
93300.0,-7.32
93400.0,-7.515000000000001
93500.0,-7.326666666666667
93600.0,-7.390000000000001
93700.0,-7.3966666666666665
93800.0,-7.471666666666667
93900.0,-7.36
94000.0,-7.414000000000001
94100.0,-7.446666666666666
94200.0,-7.525
94300.0,-7.6
94400.0,-7.542
94500.0,-7.6
94600.0,-7.808333333333334
94700.0,-7.673333333333333
94800.0,-7.535
94900.0,-7.653333333333333
95000.0,-7.706
95100.0,-8.43
95200.0,-7.566666666666666
95300.0,-7.72
95400.0,-7.694
95500.0,-7.636
95600.0,-7.59
95700.0,-8.100000000000001
95800.0,-7.6
95900.0,-7.612
96000.0,-7.73
96100.0,-7.7860000000000005
96200.0,-7.852
96300.0,-7.83
96400.0,-7.92
96500.0,-7.998
96600.0,-7.938
96700.0,-7.994
96800.0,-7.894
96900.0,-8.03
97000.0,-7.973333333333333
97100.0,-8.113333333333333
97200.0,-8.202
97300.0,-7.732
97400.0,-7.92
97500.0,-7.751666666666666
97600.0,-8.023333333333333
97700.0,-8.015
97800.0,-8.053333333333333
97900.0,-8.088695652173913
98000.0,-8.236521739130435
98100.0,-8.384347826086957
98200.0,-8.532173913043477
98300.0,-8.68
98400.0,-8.665
98500.0,-8.65
98600.0,-8.823333333333334
98700.0,-8.996666666666666
98800.0,-9.17
98900.0,-9.136666666666667
99000.0,-9.103333333333333
99100.0,-9.07
99200.0,-9.24
99300.0,-9.41
99400.0,-9.398235294117647
99500.0,-9.386470588235294
99600.0,-9.37470588235294
99700.0,-9.596666666666668
99800.0,-9.65
99900.0,-9.59
100000.0,-9.49
100100.0,-9.89
100200.0,-9.59
100300.0,-9.51
100400.0,-9.4
100500.0,-10.18
100600.0,-10.06
100700.0,-9.94
100800.0,-10.59
100900.0,-10.309999999999999
101000.0,-10.03
101100.0,-10.105
101200.0,-10.18
101300.0,-10.25
101400.0,-10.247142857142856
101500.0,-10.244285714285715
101600.0,-10.241428571428571
101700.0,-10.23857142857143
101800.0,-10.235714285714286
101900.0,-10.232857142857144
102000.0,-10.23
102100.0,-10.26
102200.0,-10.05
102300.0,-9.94
102400.0,-9.74
102500.0,-9.62
102600.0,-9.93
102700.0,-10.08
102800.0,-9.92
102900.0,-10.11
103000.0,-9.88
103100.0,-10.15
103200.0,-10.04
103300.0,-10.04
103400.0,-10.28
103500.0,-10.07
103600.0,-10.4
103700.0,-10.1
103800.0,-10.04
103900.0,-10.12
104000.0,-9.66
104100.0,-10.29
104200.0,-9.92
104300.0,-10.35
104400.0,-9.63
104500.0,-10.18
104600.0,-10.48
104700.0,-10.11
104800.0,-10.46
104900.0,-10.32
105000.0,-9.87
105100.0,-10.14
105200.0,-9.06
105300.0,-9.41
105400.0,-9.1
105500.0,-9.06
105600.0,-9.01
105700.0,-9.57
105800.0,-9.85
105900.0,-9.67
106000.0,-9.51
106100.0,-9.96
106200.0,-10.07
106300.0,-10.04
106400.0,-10.02
106500.0,-10.1
106600.0,-10.08
106700.0,-9.94
106800.0,-10.56
106900.0,-10.18
107000.0,-10.56
107100.0,-10.15
107200.0,-10.45
107300.0,-9.9
107400.0,-10.03
107500.0,-10.05
107600.0,-10.46
107700.0,-10.05
107800.0,-10.32
107900.0,-10.34
108000.0,-10.2
108100.0,-9.88
108200.0,-10.55
108300.0,-9.56
108400.0,-9.53
108500.0,-9.26
108600.0,-6.91
108700.0,-8.22
108800.0,-8.16
108900.0,-8.28
109000.0,-7.95
109100.0,-7.87
109200.0,-8.16
109300.0,-8.09
109400.0,-8.23
109500.0,-8.17
109600.0,-8.36
109700.0,-8.0
109800.0,-7.69
109900.0,-7.78
110000.0,-8.52
110100.0,-7.73
110200.0,-7.91
110300.0,-7.82
110400.0,-7.5
110500.0,-7.74
110600.0,-7.65
110700.0,-7.73
110800.0,-7.81
110900.0,-7.61
111000.0,-7.93
111100.0,-7.82
111200.0,-7.68
111300.0,-7.63
111400.0,-7.96
111500.0,-7.69
111600.0,-7.77
111700.0,-7.75
111800.0,-7.1
111900.0,-7.49
112000.0,-8.13
112100.0,-7.55
112200.0,-7.79
112300.0,-7.59
112400.0,-7.55
112500.0,-7.49
112600.0,-7.57
112700.0,-7.52
112800.0,-7.16
112900.0,-7.33
113000.0,-7.35
113100.0,-7.1
113200.0,-7.2
113300.0,-7.08
113400.0,-7.25
113500.0,-7.02
113600.0,-7.29
113700.0,-7.18
113800.0,-7.11
113900.0,-6.82
114000.0,-7.2
114100.0,-7.04
114200.0,-7.26
114300.0,-7.0
114400.0,-6.98
114500.0,-7.09
114600.0,-7.12
114700.0,-6.74
114800.0,-6.85
114900.0,-6.46
115000.0,-6.49
115100.0,-6.63
115200.0,-6.94
115300.0,-6.83
115400.0,-6.75
115500.0,-6.31
115600.0,-6.59
115700.0,-6.43
115800.0,-6.61
115900.0,-6.66
116000.0,-6.93
116100.0,-6.73
116200.0,-6.66
116300.0,-7.04
116400.0,-6.88
116500.0,-6.9
116600.0,-6.78
116700.0,-6.69
116800.0,-6.67
116900.0,-6.9
117000.0,-6.97
117100.0,-6.93
117200.0,-6.89
117300.0,-6.77
117400.0,-7.02
117500.0,-7.44
117600.0,-7.58
117700.0,-7.22
117800.0,-7.41
117900.0,-7.2
118000.0,-7.3
118100.0,-7.58
118200.0,-7.585
118300.0,-7.59
118400.0,-7.595
118500.0,-7.4
118600.0,-7.57
118700.0,-7.73
118800.0,-7.51
118900.0,-7.52
119000.0,-7.64
119100.0,-7.43
119200.0,-7.49
119300.0,-8.06
119400.0,-7.86
119500.0,-7.64
119600.0,-7.88
119700.0,-8.06
119800.0,-8.21
119900.0,-8.3
120000.0,-8.28
120100.0,-8.18
120200.0,-8.15
120300.0,-8.07
120400.0,-7.98
120500.0,-8.36
120600.0,-8.3
120700.0,-9.13
120800.0,-8.69
120900.0,-9.45
121000.0,-10.34
121100.0,-10.13
121200.0,-10.16
121300.0,-10.72
121400.0,-10.68
121500.0,-10.51
121600.0,-10.53
121700.0,-10.19
121800.0,-10.74
121900.0,-10.3
122000.0,-10.1
122100.0,-10.34
122200.0,-10.35
122300.0,-10.46
122400.0,-10.29
122500.0,-10.7
122600.0,-10.41
122700.0,-9.77
122800.0,-10.13
122900.0,-10.2
123000.0,-10.1
123100.0,-10.03
123200.0,-10.5
123300.0,-10.05
123400.0,-10.5
123500.0,-10.29
123600.0,-9.99
123700.0,-10.41
123800.0,-10.26
123900.0,-10.43
124000.0,-10.45
124100.0,-10.51
124200.0,-9.79
124300.0,-10.19
124400.0,-10.2
124500.0,-10.09
124600.0,-10.7
124700.0,-10.4
124800.0,-10.29
124900.0,-10.47
125000.0,-10.18
125100.0,-10.05
125200.0,-10.07
125300.0,-10.04
125400.0,-9.89
125500.0,-10.01
125600.0,-9.97
125700.0,-9.5
125800.0,-9.73
125900.0,-9.96
126000.0,-9.88
126100.0,-10.24
126200.0,-10.03
126300.0,-10.09
126400.0,-10.45
126500.0,-10.22
126600.0,-9.94
126700.0,-10.23
126800.0,-10.43
126900.0,-10.21
127000.0,-10.52
127100.0,-9.75
127200.0,-9.84
127300.0,-10.06
127400.0,-10.18
127500.0,-10.35
127600.0,-10.25
127700.0,-9.58
127800.0,-10.65
127900.0,-10.5
128000.0,-10.94
128100.0,-10.98
128200.0,-10.34
128300.0,-10.46
128400.0,-10.2
128500.0,-9.9
128600.0,-9.8
128700.0,-9.43
128800.0,-9.14
128900.0,-9.0
129000.0,-7.65
129100.0,-7.57
129200.0,-7.44
129300.0,-7.14
129400.0,-7.48
129500.0,-7.5
129600.0,-7.29
129700.0,-7.48
129800.0,-7.07
129900.0,-7.34
130000.0,-7.28
130100.0,-7.29
130200.0,-7.32
130300.0,-7.62
130400.0,-7.45
130500.0,-6.61
130600.0,-6.63
130700.0,-6.94
130800.0,-6.1
130900.0,-6.5
131000.0,-6.71
131100.0,-6.71
131200.0,-6.62
131300.0,-6.72
131400.0,-6.94
131500.0,-7.13
131600.0,-7.12
131700.0,-7.1
131800.0,-6.88
131900.0,-6.69
132000.0,-6.33
132100.0,-6.84
132200.0,-6.743333333333333
132300.0,-6.6466666666666665
132400.0,-6.55
132500.0,-6.62
132600.0,-6.69
132700.0,-6.81
132800.0,-6.61
132900.0,-5.79
133000.0,-6.62
133100.0,-6.85
133200.0,-6.79
133300.0,-7.13
133400.0,-6.96
133500.0,-7.62
133600.0,-7.96
133700.0,-7.0
133800.0,-7.08
133900.0,-7.07
134000.0,-6.34
134100.0,-7.05
134200.0,-7.11
134300.0,-6.68
134400.0,-7.02
134500.0,-6.82
134600.0,-6.96
134700.0,-6.84
134800.0,-6.96
134900.0,-6.73
135000.0,-6.88
135100.0,-6.7
135200.0,-6.9
135300.0,-7.13
135400.0,-7.17
135500.0,-6.97
135600.0,-8.03
135700.0,-7.73
135800.0,-8.27
135900.0,-8.05
136000.0,-8.2
136100.0,-8.15
136200.0,-8.44
136300.0,-7.86
136400.0,-7.99
136500.0,-8.32
136600.0,-7.59
136700.0,-8.04
136800.0,-7.72
136900.0,-8.06
137000.0,-7.7
137100.0,-8.07
137200.0,-8.1
137300.0,-8.04
137400.0,-8.44
137500.0,-8.08
137600.0,-7.91
137700.0,-7.89
137800.0,-7.71
137900.0,-7.68
138000.0,-7.671666666666667
138100.0,-7.663333333333333
138200.0,-7.654999999999999
138300.0,-7.6466666666666665
138400.0,-7.638333333333334
138500.0,-7.63
138600.0,-7.88
138700.0,-8.2
138800.0,-8.25
138900.0,-7.83
139000.0,-7.34
139100.0,-7.33
139200.0,-8.13
139300.0,-8.05
139400.0,-8.2
139500.0,-8.335
139600.0,-8.47
139700.0,-8.48
139800.0,-8.185
139900.0,-7.89
140000.0,-8.31
140100.0,-8.235
140200.0,-8.16
140300.0,-8.24
140400.0,-8.195
140500.0,-8.15
140600.0,-8.2
140700.0,-8.114999999999998
140800.0,-8.03
140900.0,-8.29
141000.0,-8.18
141100.0,-8.07
141200.0,-8.19
141300.0,-7.789999999999999
141400.0,-7.39
141500.0,-7.91
141600.0,-7.925
141700.0,-7.94
141800.0,-7.2
141900.0,-7.195
142000.0,-7.15
142100.0,-8.33
142200.0,-8.09
142300.0,-7.39
142400.0,-8.0
142500.0,-8.43
142600.0,-8.61
142700.0,-9.09
142800.0,-8.76
142900.0,-8.51
143000.0,-8.85
143100.0,-8.59
143200.0,-7.8
143300.0,-7.83
143400.0,-8.74
143500.0,-8.84
143600.0,-7.88
143700.0,-8.51
143800.0,-8.78
143900.0,-8.96
144000.0,-8.78
144100.0,-9.49
144200.0,-9.41
144300.0,-9.5
144400.0,-9.24
144500.0,-8.4
144600.0,-8.08
144700.0,-9.14
144800.0,-9.26
144900.0,-9.56
145000.0,-9.57
145100.0,-9.58
145200.0,-9.57
145300.0,-9.36
145400.0,-9.45
145500.0,-9.26
145600.0,-9.36
145700.0,-9.38
145800.0,-9.5
145900.0,-9.51
146000.0,-9.67
146100.0,-9.59
146200.0,-9.57
146300.0,-9.63
146400.0,-9.61
146500.0,-9.56
146600.0,-9.81
146700.0,-9.74
146800.0,-9.82
146900.0,-10.1
147000.0,-9.85
147100.0,-10.13
147200.0,-10.27
147300.0,-10.43
147400.0,-10.78
147500.0,-10.08
147600.0,-9.93
147700.0,-9.64
147800.0,-9.55
147900.0,-9.62
148000.0,-9.67
148100.0,-9.54
148200.0,-9.46
148300.0,-9.75
148400.0,-9.8
148500.0,-9.29
148600.0,-10.21
148700.0,-9.65
148800.0,-10.15
148900.0,-9.65
149000.0,-9.88
149100.0,-9.34
149200.0,-9.06
149300.0,-8.62
149400.0,-9.03
149500.0,-9.23
149600.0,-8.69
149700.0,-9.2
149800.0,-8.73
149900.0,-9.2
150000.0,-9.33
150100.0,-9.18
150200.0,-8.94
150300.0,-9.14
150400.0,-9.02
150500.0,-9.13
150600.0,-9.13
150700.0,-8.74
150800.0,-9.2
150900.0,-8.92
151000.0,-9.13
151100.0,-9.32
151200.0,-9.37
151300.0,-9.88
151400.0,-9.76
151500.0,-9.17
151600.0,-8.7
151700.0,-9.4
151800.0,-8.42
151900.0,-8.76
152000.0,-9.04
152100.0,-8.82
152200.0,-9.2
152300.0,-8.9
152400.0,-8.81
152500.0,-9.12
152600.0,-8.68
152700.0,-8.79
152800.0,-8.81
152900.0,-8.85
153000.0,-8.87
153100.0,-9.05
153200.0,-8.67
153300.0,-9.0
153400.0,-8.82
153500.0,-8.875
153600.0,-8.93
153700.0,-8.73
153800.0,-8.87
153900.0,-8.74
154000.0,-8.94
154100.0,-8.74
154200.0,-8.93
154300.0,-8.61
154400.0,-8.68
154500.0,-8.78
154600.0,-8.7
154700.0,-8.96
154800.0,-8.87
154900.0,-8.975
155000.0,-9.08
155100.0,-9.11
155200.0,-8.94
155300.0,-8.96
155400.0,-8.72
155500.0,-8.74
155600.0,-8.88
155700.0,-8.82
155800.0,-8.71
155900.0,-8.89
156000.0,-9.04
156100.0,-8.94
156200.0,-9.15
156300.0,-9.11
156400.0,-9.07
156500.0,-9.17
156600.0,-9.23
156700.0,-9.32
156800.0,-9.33
156900.0,-9.18
157000.0,-9.19
157100.0,-8.61
157200.0,-8.81
157300.0,-8.86
157400.0,-8.51
157500.0,-8.77
157600.0,-8.35
157700.0,-8.58
157800.0,-8.81
157900.0,-8.92
158000.0,-8.35
158100.0,-8.33
158200.0,-8.05
158300.0,-7.94
158400.0,-8.19
158500.0,-7.97
158600.0,-8.69
158700.0,-7.92
158800.0,-8.7
158900.0,-8.62
159000.0,-8.96
159100.0,-8.985000000000001
159200.0,-9.01
159300.0,-8.85
159400.0,-9.02
159500.0,-9.03
159600.0,-9.13
159700.0,-8.86
159800.0,-9.0
159900.0,-8.95
160000.0,-9.08
160100.0,-9.01
160200.0,-8.94
160300.0,-8.82
160400.0,-8.71
160500.0,-8.13
160600.0,-7.55
160700.0,-7.6
160800.0,-6.18
160900.0,-6.09
161000.0,-6.32
161100.0,-6.51
161200.0,-6.51
161300.0,-6.51
161400.0,-6.595
161500.0,-6.68
161600.0,-6.57
161700.0,-6.46
161800.0,-6.609999999999999
161900.0,-6.76
162000.0,-7.425
162100.0,-8.09
162200.0,-8.385
162300.0,-8.68
162400.0,-8.61
162500.0,-8.54
162600.0,-8.52
162700.0,-8.5
162800.0,-8.51
162900.0,-8.52
163000.0,-8.434999999999999
163100.0,-8.35
163200.0,-8.405
163300.0,-8.46
163400.0,-8.27
163500.0,-8.08
163600.0,-8.175
163700.0,-8.27
163800.0,-7.9399999999999995
163900.0,-7.61
164000.0,-7.76
164100.0,-7.91
164200.0,-7.475
164300.0,-7.04
164400.0,-6.915
164500.0,-6.79
164600.0,-6.63
164700.0,-6.47
164800.0,-6.68
164900.0,-6.89
165000.0,-8.07
165100.0,-8.27
165200.0,-9.11
165300.0,-9.165
165400.0,-9.22
165500.0,-9.62
165600.0,-10.06
165700.0,-9.91
165800.0,-10.055
165900.0,-10.2
166000.0,-10.18
166100.0,-10.21
166200.0,-10.29
166300.0,-10.309999999999999
166400.0,-10.33
166500.0,-9.55
166600.0,-10.34
166700.0,-10.03
166800.0,-10.27
166900.0,-10.51
167000.0,-10.98
167100.0,-11.02
167200.0,-10.89
167300.0,-10.865
167400.0,-10.84
167500.0,-11.11
167600.0,-11.02
167700.0,-11.11
167800.0,-11.11
167900.0,-11.07
168000.0,-11.24
168100.0,-10.99
168200.0,-10.67
168300.0,-11.03
168400.0,-10.72
168500.0,-10.51
168600.0,-10.59
168700.0,-10.62
168800.0,-10.5
168900.0,-10.32
169000.0,-10.51
169100.0,-10.4
169200.0,-10.26
169300.0,-10.35
169400.0,-10.09
169500.0,-10.34
169600.0,-9.64
169700.0,-9.94
169800.0,-9.52
169900.0,-9.62
170000.0,-9.56
170100.0,-9.71
170200.0,-9.67
170300.0,-10.15
170400.0,-10.46
170500.0,-10.49
170600.0,-10.12
170700.0,-10.24
170800.0,-10.28
170900.0,-10.48
171000.0,-10.01
171100.0,-10.4
171200.0,-11.4
171300.0,-10.63
171400.0,-11.48
171500.0,-10.89
171600.0,-11.03
171700.0,-11.56
171800.0,-11.21
171900.0,-11.58
172000.0,-11.52
172100.0,-11.26
172200.0,-11.55
172300.0,-11.47
172400.0,-11.32
172500.0,-11.46
172600.0,-11.45
172700.0,-11.16
172800.0,-11.39
172900.0,-11.57
173000.0,-10.6
173100.0,-11.27
173200.0,-10.8
173300.0,-10.4
173400.0,-10.74
173500.0,-10.29
173600.0,-10.48
173700.0,-10.44
173800.0,-10.14
173900.0,-10.15
174000.0,-10.34
174100.0,-10.37
174200.0,-10.26
174300.0,-10.88
174400.0,-10.19
174500.0,-10.41
174600.0,-10.67
174700.0,-10.52
174800.0,-10.59
174900.0,-10.93
175000.0,-10.82
175100.0,-10.78
175200.0,-11.04
175300.0,-11.07
175400.0,-11.2
175500.0,-11.35
175600.0,-11.27
175700.0,-10.91
175800.0,-11.01
175900.0,-10.61
176000.0,-11.01
176100.0,-10.91
176200.0,-11.01
176300.0,-10.53
176400.0,-10.59
176500.0,-10.75
176600.0,-10.42
176700.0,-10.71
176800.0,-10.0
176900.0,-9.91
177000.0,-10.53
177100.0,-10.29
177200.0,-10.31
177300.0,-10.76
177400.0,-10.51
177500.0,-11.04
177600.0,-10.43
177700.0,-10.36
177800.0,-10.16
177900.0,-10.36
178000.0,-9.77
178100.0,-9.47
178200.0,-8.84
178300.0,-8.49
178400.0,-8.63
178500.0,-8.68
178600.0,-8.93
178700.0,-8.73
178800.0,-8.06
178900.0,-7.48
179000.0,-6.78
179100.0,-6.98
179200.0,-7.3
179300.0,-7.1
179400.0,-7.5
179500.0,-7.44
179600.0,-7.7
179700.0,-7.83
179800.0,-7.9
179900.0,-7.83
180000.0,-7.87
180100.0,-7.98
180200.0,-7.97
180300.0,-7.9
180400.0,-7.93
180500.0,-7.87
180600.0,-7.96
180700.0,-7.77
180800.0,-7.99
180900.0,-8.18
181000.0,-7.73
181100.0,-8.18
181200.0,-7.77
181300.0,-7.85
181400.0,-7.69
181500.0,-7.82
181600.0,-7.68
181700.0,-7.8
181800.0,-7.49
181900.0,-7.66
182000.0,-7.65
182100.0,-7.47
182200.0,-7.6
182300.0,-7.65
182400.0,-7.62
182500.0,-8.07
182600.0,-7.3
182700.0,-7.38
182800.0,-7.34
182900.0,-7.34
183000.0,-7.32
183100.0,-7.34
183200.0,-7.13
183300.0,-7.21
183400.0,-7.35
183500.0,-7.11
183600.0,-7.06
183700.0,-7.13
183800.0,-7.31
183900.0,-7.11
184000.0,-7.02
184100.0,-7.05
184200.0,-6.86
184300.0,-7.27
184400.0,-7.82
184500.0,-7.24
184600.0,-7.15
184700.0,-7.1
184800.0,-7.11
184900.0,-7.06
185000.0,-6.89
185100.0,-6.9
185200.0,-6.96
185300.0,-7.17
185400.0,-7.23
185500.0,-6.73
185600.0,-6.92
185700.0,-7.04
185800.0,-7.3
185900.0,-6.97
186000.0,-6.91
186100.0,-7.26
186200.0,-7.13
186300.0,-7.16
186400.0,-7.07
186500.0,-7.04
186600.0,-6.77
186700.0,-7.05
186800.0,-6.88
186900.0,-7.06
187000.0,-6.66
187100.0,-7.37
187200.0,-7.47
187300.0,-7.2
187400.0,-7.33
187500.0,-7.42
187600.0,-7.37
187700.0,-7.48
187800.0,-7.59
187900.0,-7.75
188000.0,-7.46
188100.0,-7.64
188200.0,-7.67
188300.0,-7.52
188400.0,-7.52
188500.0,-7.76
188600.0,-8.03
188700.0,-7.69
188800.0,-8.3
188900.0,-8.3
189000.0,-8.11
189100.0,-8.13
189200.0,-8.3
189300.0,-8.11
189400.0,-8.07
189500.0,-7.89
189600.0,-8.19
189700.0,-8.29
189800.0,-8.1
189900.0,-8.07
190000.0,-8.17
190100.0,-7.88
190200.0,-7.88
190300.0,-7.98
190400.0,-8.02
190500.0,-7.71
190600.0,-7.95
190700.0,-7.74
190800.0,-7.31
190900.0,-7.13
191000.0,-6.81
191100.0,-6.83
191200.0,-7.08
191300.0,-6.79
191400.0,-7.04
191500.0,-7.25
191600.0,-8.54
191700.0,-7.82
191800.0,-9.71
191900.0,-10.86
192000.0,-10.64
192100.0,-10.93
192200.0,-10.82
192300.0,-10.66
192400.0,-10.76
192500.0,-10.58
192600.0,-10.35
192700.0,-10.42
192800.0,-10.43
192900.0,-9.65
193000.0,-9.17
193100.0,-9.14
193200.0,-9.37
193300.0,-10.7
193400.0,-10.72
193500.0,-10.81
193600.0,-10.8
193700.0,-10.73
193800.0,-10.77
193900.0,-10.81
194000.0,-10.74
194100.0,-10.77
194200.0,-10.76
194300.0,-10.7
194400.0,-10.87
194500.0,-10.7
194600.0,-10.73
194700.0,-10.77
194800.0,-10.76
194900.0,-10.8
195000.0,-10.87
195100.0,-10.65
195200.0,-10.67
195300.0,-10.66
195400.0,-10.84
195500.0,-10.88
195600.0,-10.62
195700.0,-10.84
195800.0,-10.77
195900.0,-10.56
196000.0,-10.62
196100.0,-10.47
196200.0,-10.59
196300.0,-10.64
196400.0,-10.53
196500.0,-10.62
196600.0,-10.63
196700.0,-10.52
196800.0,-10.59
196900.0,-10.5
197000.0,-10.43
197100.0,-10.56
197200.0,-10.46
197300.0,-10.55
197400.0,-10.55
197500.0,-10.5
197600.0,-10.19
197700.0,-10.51
197800.0,-10.47
197900.0,-10.48
198000.0,-10.41
198100.0,-10.27
198200.0,-10.6
198300.0,-10.17
198400.0,-10.22
198500.0,-10.09
198600.0,-9.99
198700.0,-9.83
198800.0,-9.63
198900.0,-9.51
199000.0,-9.15
199100.0,-8.77
199200.0,-8.38
199300.0,-7.78
199400.0,-7.38
199500.0,-7.92
199600.0,-7.09
199700.0,-7.55
199800.0,-7.68
199900.0,-7.69
200000.0,-7.46
200100.0,-7.38
200200.0,-7.54
200300.0,-7.7
200400.0,-7.21
200500.0,-6.86
200600.0,-6.88
200700.0,-6.99
200800.0,-6.69
200900.0,-7.08
201000.0,-7.29
201100.0,-7.38
201200.0,-7.61
201300.0,-7.73
201400.0,-8.32
201500.0,-8.25
201600.0,-7.88
201700.0,-7.93
201800.0,-7.65
201900.0,-7.87
202000.0,-8.51
202100.0,-7.83
202200.0,-7.47
202300.0,-7.92
202400.0,-7.84
202500.0,-7.83
202600.0,-7.43
202700.0,-7.85
202800.0,-7.56
202900.0,-7.45
203000.0,-7.65
203100.0,-7.5
203200.0,-7.62
203300.0,-7.65
203400.0,-7.64
203500.0,-7.5
203600.0,-7.61
203700.0,-7.67
203800.0,-7.52
203900.0,-7.51
204000.0,-7.42
204100.0,-7.6
204200.0,-7.65
204300.0,-7.11
204400.0,-7.33
204500.0,-7.32
204600.0,-7.33
204700.0,-7.14
204800.0,-7.56
204900.0,-7.11
205000.0,-7.276666666666667
205100.0,-7.443333333333333
205200.0,-7.61
205300.0,-7.45
205400.0,-7.29
205500.0,-7.13
205600.0,-7.17
205700.0,-7.21
205800.0,-7.25
205900.0,-7.206666666666667
206000.0,-7.163333333333333
206100.0,-7.12
206200.0,-7.1325
206300.0,-7.1450000000000005
206400.0,-7.1575
206500.0,-7.17
206600.0,-7.136666666666667
206700.0,-7.1033333333333335
206800.0,-7.07
206900.0,-7.07
207000.0,-7.07
207100.0,-7.07
207200.0,-6.996666666666667
207300.0,-6.923333333333333
207400.0,-6.85
207500.0,-6.925
207600.0,-7.0
207700.0,-7.075
207800.0,-7.15
207900.0,-7.0633333333333335
208000.0,-6.976666666666667
208100.0,-6.89
208200.0,-6.866666666666666
208300.0,-6.843333333333334
208400.0,-6.82
208500.0,-6.8133333333333335
208600.0,-6.806666666666667
208700.0,-6.8
208800.0,-6.9525
208900.0,-7.105
209000.0,-7.2575
209100.0,-7.41
209200.0,-7.796666666666667
209300.0,-8.183333333333334
209400.0,-8.57
209500.0,-8.41
209600.0,-8.25
209700.0,-8.09
209800.0,-8.413333333333334
209900.0,-8.736666666666666
210000.0,-9.06
210100.0,-9.10375
210200.0,-9.1475
210300.0,-9.19125
210400.0,-9.235
210500.0,-9.27875
210600.0,-9.3225
210700.0,-9.36625
210800.0,-9.41
210900.0,-9.39125
211000.0,-9.3725
211100.0,-9.35375
211200.0,-9.335
211300.0,-9.31625
211400.0,-9.2975
211500.0,-9.27875
211600.0,-9.26
211700.0,-9.27875
211800.0,-9.2975
211900.0,-9.31625
212000.0,-9.335
212100.0,-9.35375
212200.0,-9.3725
212300.0,-9.39125
212400.0,-9.41
212500.0,-9.51125
212600.0,-9.6125
212700.0,-9.713750000000001
212800.0,-9.815000000000001
212900.0,-9.91625
213000.0,-10.0175
213100.0,-10.11875
213200.0,-10.22
213300.0,-10.22625
213400.0,-10.2325
213500.0,-10.23875
213600.0,-10.245000000000001
213700.0,-10.25125
213800.0,-10.2575
213900.0,-10.26375
214000.0,-10.27
214100.0,-10.278749999999999
214200.0,-10.2875
214300.0,-10.29625
214400.0,-10.305
214500.0,-10.313749999999999
214600.0,-10.3225
214700.0,-10.33125
214800.0,-10.34
214900.0,-10.37
215000.0,-10.14
215100.0,-10.3
215200.0,-10.26
215300.0,-10.27
215400.0,-10.75
215500.0,-10.39
215600.0,-10.46
215700.0,-10.38
215800.0,-10.38
215900.0,-10.28
216000.0,-10.52
216100.0,-10.34
216200.0,-10.64
216300.0,-10.48
216400.0,-10.34
216500.0,-10.53
216600.0,-10.4
216700.0,-10.33
216800.0,-10.8
216900.0,-10.4
217000.0,-9.91
217100.0,-9.43
217200.0,-10.258
217300.0,-10.62
217400.0,-10.608
217500.0,-10.5835
217600.0,-10.559
217700.0,-10.4845
217800.0,-10.41
217900.0,-10.728
218000.0,-10.671
218100.0,-10.706
218200.0,-10.803
218300.0,-10.358
218400.0,-10.422
218500.0,-10.273
218600.0,-10.424
218700.0,-10.602
218800.0,-10.53
218900.0,-10.315
219000.0,-10.301
219100.0,-10.168
219200.0,-10.19
219300.0,-10.084
219400.0,-9.904
219500.0,-9.784
219600.0,-9.815
219700.0,-9.832
219800.0,-9.981
219900.0,-9.883
220000.0,-9.954
220100.0,-9.965
220200.0,-9.878
220300.0,-9.969
220400.0,-9.949
220500.0,-10.035
220600.0,-10.006
220700.0,-9.967
220800.0,-9.995
220900.0,-10.102
221000.0,-10.22
221100.0,-10.41
221200.0,-10.789
221300.0,-10.685
221400.0,-10.713
221500.0,-10.752
221600.0,-10.663
221700.0,-10.609
221800.0,-10.644
221900.0,-10.656
222000.0,-10.548
222100.0,-10.491
222200.0,-10.427
222300.0,-10.281
222400.0,-10.363
222500.0,-10.358
222600.0,-10.422
222700.0,-10.466
222800.0,-10.375
222900.0,-10.393
223000.0,-10.252
223100.0,-10.254
223200.0,-10.257
223300.0,-10.23
223400.0,-10.201
223500.0,-10.1755
223600.0,-10.15
223700.0,-10.169
223800.0,-9.986
223900.0,-9.9716
224000.0,-9.9572
224100.0,-9.9428
224200.0,-9.9284
224300.0,-9.914
224400.0,-9.992
224500.0,-9.995000000000001
224600.0,-9.998
224700.0,-9.972
224800.0,-9.866
224900.0,-9.999
225000.0,-9.986500000000001
225100.0,-9.974
225200.0,-9.8225
225300.0,-8.72
225400.0,-8.9
225500.0,-8.72
225600.0,-8.5
225700.0,-8.61
225800.0,-8.27
225900.0,-8.33
226000.0,-8.22
226100.0,-8.32
226200.0,-8.2
226300.0,-7.98
226400.0,-8.21
226500.0,-7.74
226600.0,-7.46
226700.0,-7.34
226800.0,-7.38
226900.0,-7.1
227000.0,-7.15
227100.0,-7.23
227200.0,-6.71
227300.0,-7.02
227400.0,-6.33
227500.0,-6.02
227600.0,-6.06
227700.0,-5.77
227800.0,-5.37
227900.0,-5.22
228000.0,-4.82
228100.0,-4.91
228200.0,-5.56
228300.0,-5.97
228400.0,-5.19
228500.0,-5.19
228600.0,-6.81
228700.0,-7.19
228800.0,-7.05
228900.0,-6.95
229000.0,-7.02
229100.0,-6.97
229200.0,-7.07
229300.0,-7.06
229400.0,-7.1
229500.0,-7.04
229600.0,-6.95
229700.0,-7.045
229800.0,-7.14
229900.0,-7.01
230000.0,-6.98
230100.0,-6.97
230200.0,-6.89
230300.0,-6.96
230400.0,-6.83
230500.0,-6.82
230600.0,-6.82
230700.0,-6.77
230800.0,-6.76
230900.0,-6.68
231000.0,-6.61
231100.0,-6.64
231200.0,-6.67
231300.0,-6.59
231400.0,-6.62
231500.0,-6.51
231600.0,-6.32
231700.0,-6.36
231800.0,-6.18
231900.0,-6.11
232000.0,-5.81
232100.0,-5.85
232200.0,-6.16
232300.0,-6.64
232400.0,-6.705
232500.0,-6.77
232600.0,-7.03
232700.0,-7.25
232800.0,-7.19
232900.0,-7.35
233000.0,-7.24
233100.0,-7.24
233200.0,-7.31
233300.0,-7.42
233400.0,-7.66
233500.0,-7.55
233600.0,-7.58
233700.0,-7.77
233800.0,-7.819999999999999
233900.0,-7.87
234000.0,-7.960000000000001
234100.0,-8.05
234200.0,-8.75
234300.0,-8.71
234400.0,-8.67
234500.0,-9.06
234600.0,-9.09
234700.0,-9.12
234800.0,-9.11
234900.0,-9.1
235000.0,-9.41
235100.0,-9.435
235200.0,-9.46
235300.0,-9.73
235400.0,-9.690000000000001
235500.0,-9.65
235600.0,-9.67
235700.0,-9.69
235800.0,-9.94
235900.0,-9.855
236000.0,-9.77
236100.0,-9.84
236200.0,-9.895
236300.0,-9.95
236400.0,-10.004999999999999
236500.0,-9.89
236600.0,-9.93
236700.0,-10.02
236800.0,-10.14
236900.0,-10.2
237000.0,-10.251428571428571
237100.0,-10.302857142857142
237200.0,-10.354285714285714
237300.0,-10.405714285714286
237400.0,-10.457142857142857
237500.0,-10.508571428571429
237600.0,-10.56
237700.0,-10.6
237800.0,-10.38
237900.0,-10.4
238000.0,-10.37
238100.0,-10.14
238200.0,-10.26
238300.0,-10.5
238400.0,-10.4
238500.0,-10.42
238600.0,-10.45
238700.0,-10.58
238800.0,-10.55
238900.0,-10.57
239000.0,-10.14
239100.0,-10.24
239200.0,-10.38
239300.0,-10.32
239400.0,-10.29
239500.0,-10.38
239600.0,-10.45
239700.0,-10.2
239800.0,-10.04
239900.0,-10.03
240000.0,-10.0
240100.0,-10.1
240200.0,-10.09
240300.0,-10.13
240400.0,-10.19
240500.0,-10.22
240600.0,-10.19
240700.0,-10.08
240800.0,-9.94
240900.0,-10.22
241000.0,-10.16
241100.0,-9.92
241200.0,-9.79
241300.0,-9.81
241400.0,-9.84
241500.0,-9.77
241600.0,-9.49
241700.0,-9.44
241800.0,-9.04
241900.0,-8.96
242000.0,-8.75
242100.0,-8.55
242200.0,-8.43
242300.0,-8.23
242400.0,-8.02
242500.0,-7.81
242600.0,-7.29
242700.0,-7.23
242800.0,-7.17
242900.0,-7.35
243000.0,-7.33
243100.0,-7.245
243200.0,-7.16
243300.0,-7.25
243400.0,-7.235
243500.0,-7.22
243600.0,-7.47
243700.0,-7.4
243800.0,-7.33
243900.0,-7.52
244000.0,-7.52
244100.0,-7.55
244200.0,-7.58
244300.0,-7.63
244400.0,-7.6049999999999995
244500.0,-7.58
244600.0,-7.61
244700.0,-7.615
244800.0,-7.62
244900.0,-7.85
245000.0,-7.79
245100.0,-7.71
245200.0,-7.71
245300.0,-7.62
245400.0,-7.56
245500.0,-7.57
245600.0,-7.6
245700.0,-7.6
245800.0,-7.61
245900.0,-7.58
246000.0,-7.61
246100.0,-7.61
246200.0,-7.65
246300.0,-7.58
246400.0,-7.95
246500.0,-8.12
246600.0,-8.0
246700.0,-8.16
246800.0,-8.35
246900.0,-8.38
247000.0,-8.66
247100.0,-8.73
247200.0,-9.02
247300.0,-9.24
247400.0,-9.18
247500.0,-9.26
247600.0,-9.2
247700.0,-9.15
247800.0,-9.05
247900.0,-8.88
248000.0,-8.84
248100.0,-8.59
248200.0,-8.64
248300.0,-8.52
248400.0,-8.35
248500.0,-8.18
248600.0,-8.09
248700.0,-8.05
248800.0,-7.79
248900.0,-7.56
249000.0,-6.9
249100.0,-6.89
249200.0,-7.0
249300.0,-6.87
249400.0,-7.21
249500.0,-7.05
249600.0,-7.12
249700.0,-7.43
249800.0,-7.36
249900.0,-7.57
250000.0,-7.81
250100.0,-8.13
250200.0,-8.46
250300.0,-8.73
250400.0,-8.6
250500.0,-8.43
250600.0,-8.31
250700.0,-8.29
250800.0,-8.26
250900.0,-7.98
251000.0,-8.28
251100.0,-8.18
251200.0,-7.75
251300.0,-7.26
251400.0,-7.45
251500.0,-7.04
251600.0,-7.23
251700.0,-7.24
251800.0,-7.57
251900.0,-7.65
252000.0,-7.85
252100.0,-7.93
252200.0,-7.91
252300.0,-8.12
252400.0,-8.11
252500.0,-8.09
252600.0,-8.09
252700.0,-8.13
252800.0,-8.17
252900.0,-8.27
253000.0,-8.24
253100.0,-8.23
253200.0,-8.18
253300.0,-8.12
253400.0,-8.01
253500.0,-8.26
253600.0,-8.29
253700.0,-8.25
253800.0,-8.49
253900.0,-8.58
254000.0,-8.65
254100.0,-8.58
254200.0,-8.32
254300.0,-8.62
254400.0,-8.52
254500.0,-8.61
254600.0,-8.56
254700.0,-8.44
254800.0,-8.36
254900.0,-8.25
255000.0,-8.47
255100.0,-8.53
255200.0,-8.76
255300.0,-8.93
255400.0,-8.89
255500.0,-8.93
255600.0,-8.89
255700.0,-8.7
255800.0,-8.97
255900.0,-9.15
256000.0,-8.35
256100.0,-9.45
256200.0,-9.38
256300.0,-9.44
256400.0,-9.41
256500.0,-9.55
256600.0,-9.26
256700.0,-9.53
256800.0,-9.5
256900.0,-9.37
257000.0,-9.36
257100.0,-9.48
257200.0,-9.52
257300.0,-9.48
257400.0,-9.24
257500.0,-9.4
257600.0,-9.4
257700.0,-9.49
257800.0,-9.59
257900.0,-9.74
258000.0,-9.6
258100.0,-9.6
258200.0,-9.64
258300.0,-9.51
258400.0,-9.43
258500.0,-9.58
258600.0,-9.55
258700.0,-9.45
258800.0,-9.28
258900.0,-9.25
259000.0,-9.22
259100.0,-8.9
259200.0,-8.79
259300.0,-8.82
259400.0,-8.75
259500.0,-8.94
259600.0,-8.88
259700.0,-9.47
259800.0,-9.79
259900.0,-9.71
260000.0,-9.71
260100.0,-9.24
260200.0,-9.62
260300.0,-9.66
260400.0,-9.79
260500.0,-9.58
260600.0,-9.37
260700.0,-9.16
260800.0,-9.192499999999999
260900.0,-9.225
261000.0,-9.2575
261100.0,-9.29
261200.0,-9.337499999999999
261300.0,-9.385
261400.0,-9.432500000000001
261500.0,-9.48
261600.0,-9.566
261700.0,-9.652000000000001
261800.0,-9.738
261900.0,-9.824
262000.0,-9.91
262100.0,-10.015
262200.0,-10.12
262300.0,-10.225
262400.0,-10.33
262500.0,-10.1175
262600.0,-9.905
262700.0,-9.6925
262800.0,-9.48
262900.0,-9.546000000000001
263000.0,-9.612
263100.0,-9.678
263200.0,-9.744
263300.0,-9.81
263400.0,-9.780000000000001
263500.0,-9.75
263600.0,-9.72
263700.0,-9.69
263800.0,-9.66
263900.0,-9.4825
264000.0,-9.305
264100.0,-9.1275
264200.0,-8.95
264300.0,-8.942
264400.0,-8.934
264500.0,-8.926
264600.0,-8.918
264700.0,-8.91
264800.0,-8.772
264900.0,-8.634
265000.0,-8.496
265100.0,-8.358
265200.0,-8.22
265300.0,-8.276
265400.0,-8.332
265500.0,-8.388
265600.0,-8.444
265700.0,-8.5
265800.0,-8.52
265900.0,-8.54
266000.0,-8.56
266100.0,-8.58
266200.0,-8.6
266300.0,-8.565999999999999
266400.0,-8.532
266500.0,-8.498
266600.0,-8.464
266700.0,-8.43
266800.0,-8.521666666666667
266900.0,-8.613333333333333
267000.0,-8.705
267100.0,-8.796666666666667
267200.0,-8.888333333333334
267300.0,-8.98
267400.0,-8.832
267500.0,-8.684000000000001
267600.0,-8.536
267700.0,-8.388
267800.0,-8.24
267900.0,-8.268333333333333
268000.0,-8.296666666666667
268100.0,-8.325
268200.0,-8.353333333333333
268300.0,-8.381666666666668
268400.0,-8.41
268500.0,-8.428
268600.0,-8.446
268700.0,-8.464
268800.0,-8.482
268900.0,-8.5
269000.0,-8.548333333333334
269100.0,-8.596666666666666
269200.0,-8.645
269300.0,-8.693333333333333
269400.0,-8.741666666666665
269500.0,-8.79
269600.0,-8.746666666666666
269700.0,-8.703333333333333
269800.0,-8.66
269900.0,-8.616666666666665
270000.0,-8.573333333333332
270100.0,-8.53
270200.0,-8.536666666666665
270300.0,-8.543333333333333
270400.0,-8.55
270500.0,-8.556666666666667
270600.0,-8.563333333333333
270700.0,-8.57
270800.0,-8.51
270900.0,-8.450000000000001
271000.0,-8.39
271100.0,-8.33
271200.0,-8.270000000000001
271300.0,-8.21
271400.0,-8.225000000000001
271500.0,-8.24
271600.0,-8.255
271700.0,-8.270000000000001
271800.0,-8.285
271900.0,-8.3
272000.0,-8.298333333333334
272100.0,-8.296666666666667
272200.0,-8.295
272300.0,-8.293333333333333
272400.0,-8.291666666666666
272500.0,-8.29
272600.0,-8.20142857142857
272700.0,-8.112857142857143
272800.0,-8.024285714285714
272900.0,-7.935714285714285
273000.0,-7.847142857142857
273100.0,-7.758571428571428
273200.0,-7.67
273300.0,-7.61
273400.0,-7.55
273500.0,-7.49
273600.0,-7.43
273700.0,-7.369999999999999
273800.0,-7.31
273900.0,-7.322857142857143
274000.0,-7.335714285714285
274100.0,-7.348571428571429
274200.0,-7.361428571428571
274300.0,-7.3742857142857146
274400.0,-7.387142857142857
274500.0,-7.4
274600.0,-7.392857142857143
274700.0,-7.385714285714286
274800.0,-7.378571428571429
274900.0,-7.371428571428571
275000.0,-7.364285714285714
275100.0,-7.357142857142857
275200.0,-7.35
275300.0,-7.35
275400.0,-7.35
275500.0,-7.35
275600.0,-7.35
275700.0,-7.35
275800.0,-7.35
275900.0,-7.35
276000.0,-7.374285714285714
276100.0,-7.398571428571429
276200.0,-7.422857142857143
276300.0,-7.447142857142857
276400.0,-7.471428571428571
276500.0,-7.4957142857142856
276600.0,-7.52
276700.0,-7.594285714285713
276800.0,-7.668571428571428
276900.0,-7.742857142857142
277000.0,-7.817142857142857
277100.0,-7.891428571428571
277200.0,-7.965714285714285
277300.0,-8.04
277400.0,-8.08
277500.0,-8.12
277600.0,-8.16
277700.0,-8.2
277800.0,-8.24
277900.0,-8.28
278000.0,-8.32
278100.0,-8.278571428571428
278200.0,-8.237142857142857
278300.0,-8.195714285714285
278400.0,-8.154285714285715
278500.0,-8.112857142857143
278600.0,-8.071428571428571
278700.0,-8.03
278800.0,-7.847499999999999
278900.0,-7.664999999999999
279000.0,-7.4825
279100.0,-7.3
279200.0,-7.1175
279300.0,-6.9350000000000005
279400.0,-6.7525
279500.0,-6.57
279600.0,-6.567142857142858
279700.0,-6.564285714285714
279800.0,-6.561428571428571
279900.0,-6.558571428571429
280000.0,-6.555714285714286
280100.0,-6.5528571428571425
280200.0,-6.55
280300.0,-6.73625
280400.0,-6.922499999999999
280500.0,-7.10875
280600.0,-7.295
280700.0,-7.481249999999999
280800.0,-7.6674999999999995
280900.0,-7.853749999999999
281000.0,-8.04
281100.0,-8.145
281200.0,-8.25
281300.0,-8.355
281400.0,-8.46
281500.0,-8.565
281600.0,-8.67
281700.0,-8.775
281800.0,-8.88
281900.0,-8.891250000000001
282000.0,-8.9025
282100.0,-8.91375
282200.0,-8.925
282300.0,-8.936250000000001
282400.0,-8.947500000000002
282500.0,-8.95875
282600.0,-8.97
282700.0,-8.96625
282800.0,-8.9625
282900.0,-8.95875
283000.0,-8.955
283100.0,-8.95125
283200.0,-8.9475
283300.0,-8.94375
283400.0,-8.94
283500.0,-8.952222222222222
283600.0,-8.964444444444444
283700.0,-8.976666666666667
283800.0,-8.988888888888889
283900.0,-9.001111111111111
284000.0,-9.013333333333334
284100.0,-9.025555555555556
284200.0,-9.037777777777778
284300.0,-9.05
284400.0,-9.06
284500.0,-9.07
284600.0,-9.08
284700.0,-9.09
284800.0,-9.100000000000001
284900.0,-9.110000000000001
285000.0,-9.120000000000001
285100.0,-9.13
285200.0,-9.164444444444445
285300.0,-9.19888888888889
285400.0,-9.233333333333334
285500.0,-9.267777777777779
285600.0,-9.302222222222222
285700.0,-9.336666666666666
285800.0,-9.37111111111111
285900.0,-9.405555555555555
286000.0,-9.44
286100.0,-9.51
286200.0,-9.58
286300.0,-9.65
286400.0,-9.72
286500.0,-9.79
286600.0,-9.86
286700.0,-9.93
286800.0,-10.0
286900.0,-10.07
287000.0,-10.0525
287100.0,-10.035
287200.0,-10.0175
287300.0,-10.0
287400.0,-9.9825
287500.0,-9.965
287600.0,-9.9475
287700.0,-9.93
287800.0,-9.905999999999999
287900.0,-9.882
288000.0,-9.858
288100.0,-9.834
288200.0,-9.809999999999999
288300.0,-9.786
288400.0,-9.762
288500.0,-9.738
288600.0,-9.713999999999999
288700.0,-9.69
288800.0,-9.626666666666667
288900.0,-9.563333333333333
289000.0,-9.5
289100.0,-9.436666666666666
289200.0,-9.373333333333333
289300.0,-9.309999999999999
289400.0,-9.246666666666666
289500.0,-9.183333333333332
289600.0,-9.12
289700.0,-9.118888888888888
289800.0,-9.117777777777777
289900.0,-9.116666666666665
290000.0,-9.115555555555554
290100.0,-9.114444444444445
290200.0,-9.113333333333333
290300.0,-9.112222222222222
290400.0,-9.11111111111111
290500.0,-9.11
290600.0,-9.147
290700.0,-9.184
290800.0,-9.221
290900.0,-9.258
291000.0,-9.295
291100.0,-9.332
291200.0,-9.369
291300.0,-9.406
291400.0,-9.443
291500.0,-9.48
291600.0,-9.467777777777778
291700.0,-9.455555555555556
291800.0,-9.443333333333333
291900.0,-9.431111111111111
292000.0,-9.418888888888889
292100.0,-9.406666666666666
292200.0,-9.394444444444444
292300.0,-9.382222222222222
292400.0,-9.37
292500.0,-9.428999999999998
292600.0,-9.488
292700.0,-9.547
292800.0,-9.606
292900.0,-9.665
293000.0,-9.724
293100.0,-9.783000000000001
293200.0,-9.842
293300.0,-9.901
293400.0,-9.96
293500.0,-9.691
293600.0,-9.422
293700.0,-9.153
293800.0,-8.884
293900.0,-8.615
294000.0,-8.346
294100.0,-8.077
294200.0,-7.808
294300.0,-7.539
294400.0,-7.27
294500.0,-7.318
294600.0,-7.366
294700.0,-7.414
294800.0,-7.462
294900.0,-7.51
295000.0,-7.558
295100.0,-7.606
295200.0,-7.654
295300.0,-7.702
295400.0,-7.75
295500.0,-7.802727272727273
295600.0,-7.8554545454545455
295700.0,-7.908181818181818
295800.0,-7.960909090909091
295900.0,-8.013636363636364
296000.0,-8.066363636363636
296100.0,-8.11909090909091
296200.0,-8.171818181818182
296300.0,-8.224545454545455
296400.0,-8.277272727272727
296500.0,-8.33
296600.0,-8.3
296700.0,-8.27
296800.0,-8.24
296900.0,-8.209999999999999
297000.0,-8.18
297100.0,-8.15
297200.0,-8.12
297300.0,-8.09
297400.0,-8.059999999999999
297500.0,-8.03
297600.0,-8.049090909090909
297700.0,-8.068181818181818
297800.0,-8.087272727272726
297900.0,-8.106363636363636
298000.0,-8.125454545454545
298100.0,-8.144545454545455
298200.0,-8.163636363636364
298300.0,-8.182727272727274
298400.0,-8.201818181818181
298500.0,-8.22090909090909
298600.0,-8.24
298700.0,-8.271818181818182
298800.0,-8.303636363636365
298900.0,-8.335454545454546
299000.0,-8.367272727272727
299100.0,-8.399090909090908
299200.0,-8.430909090909092
299300.0,-8.462727272727273
299400.0,-8.494545454545454
299500.0,-8.526363636363635
299600.0,-8.558181818181819
299700.0,-8.59
299800.0,-8.542727272727273
299900.0,-8.495454545454546
300000.0,-8.448181818181817
300100.0,-8.40090909090909
300200.0,-8.353636363636364
300300.0,-8.306363636363637
300400.0,-8.25909090909091
300500.0,-8.211818181818183
300600.0,-8.164545454545454
300700.0,-8.117272727272727
300800.0,-8.07
300900.0,-7.914545454545455
301000.0,-7.75909090909091
301100.0,-7.6036363636363635
301200.0,-7.448181818181818
301300.0,-7.292727272727273
301400.0,-7.137272727272728
301500.0,-6.981818181818182
301600.0,-6.826363636363636
301700.0,-6.670909090909091
301800.0,-6.515454545454546
301900.0,-6.36
302000.0,-6.385833333333333
302100.0,-6.411666666666667
302200.0,-6.4375
302300.0,-6.463333333333334
302400.0,-6.489166666666667
302500.0,-6.515000000000001
302600.0,-6.5408333333333335
302700.0,-6.566666666666666
302800.0,-6.5925
302900.0,-6.618333333333333
303000.0,-6.644166666666667
303100.0,-6.67
303200.0,-6.799090909090909
303300.0,-6.928181818181818
303400.0,-7.057272727272728
303500.0,-7.1863636363636365
303600.0,-7.315454545454545
303700.0,-7.444545454545454
303800.0,-7.573636363636363
303900.0,-7.702727272727273
304000.0,-7.831818181818182
304100.0,-7.960909090909091
304200.0,-8.09
304300.0,-8.071666666666667
304400.0,-8.053333333333333
304500.0,-8.035
304600.0,-8.016666666666666
304700.0,-7.998333333333333
304800.0,-7.98
304900.0,-7.961666666666667
305000.0,-7.943333333333333
305100.0,-7.925
305200.0,-7.906666666666666
305300.0,-7.888333333333334
305400.0,-7.87
305500.0,-7.889166666666667
305600.0,-7.908333333333333
305700.0,-7.9275
305800.0,-7.946666666666666
305900.0,-7.965833333333333
306000.0,-7.984999999999999
306100.0,-8.004166666666666
306200.0,-8.023333333333333
306300.0,-8.0425
306400.0,-8.061666666666666
306500.0,-8.080833333333333
306600.0,-8.1
306700.0,-8.12
306800.0,-8.139999999999999
306900.0,-8.16
307000.0,-8.18
307100.0,-8.2
307200.0,-8.219999999999999
307300.0,-8.24
307400.0,-8.26
307500.0,-8.28
307600.0,-8.299999999999999
307700.0,-8.32
307800.0,-8.34
307900.0,-8.36
308000.0,-8.480833333333333
308100.0,-8.601666666666667
308200.0,-8.7225
308300.0,-8.843333333333334
308400.0,-8.964166666666667
308500.0,-9.085
308600.0,-9.205833333333333
308700.0,-9.326666666666666
308800.0,-9.4475
308900.0,-9.568333333333333
309000.0,-9.689166666666667
309100.0,-9.81
309200.0,-9.785384615384617
309300.0,-9.760769230769231
309400.0,-9.736153846153847
309500.0,-9.711538461538462
309600.0,-9.686923076923078
309700.0,-9.662307692307692
309800.0,-9.637692307692308
309900.0,-9.613076923076923
310000.0,-9.588461538461539
310100.0,-9.563846153846153
310200.0,-9.53923076923077
310300.0,-9.514615384615384
310400.0,-9.49
310500.0,-9.516923076923078
310600.0,-9.543846153846154
310700.0,-9.570769230769232
310800.0,-9.597692307692308
310900.0,-9.624615384615385
311000.0,-9.651538461538461
311100.0,-9.678461538461539
311200.0,-9.705384615384615
311300.0,-9.732307692307693
311400.0,-9.759230769230768
311500.0,-9.786153846153846
311600.0,-9.813076923076922
311700.0,-9.84
311800.0,-9.821538461538461
311900.0,-9.803076923076922
312000.0,-9.784615384615384
312100.0,-9.766153846153847
312200.0,-9.747692307692308
312300.0,-9.72923076923077
312400.0,-9.71076923076923
312500.0,-9.692307692307692
312600.0,-9.673846153846153
312700.0,-9.655384615384616
312800.0,-9.636923076923077
312900.0,-9.618461538461538
313000.0,-9.6
313100.0,-9.53923076923077
313200.0,-9.478461538461538
313300.0,-9.417692307692308
313400.0,-9.356923076923076
313500.0,-9.296153846153846
313600.0,-9.235384615384616
313700.0,-9.174615384615384
313800.0,-9.113846153846154
313900.0,-9.053076923076924
314000.0,-8.992307692307692
314100.0,-8.931538461538462
314200.0,-8.87076923076923
314300.0,-8.81
314400.0,-9.05
314500.0,-9.09
314600.0,-9.36
314700.0,-9.45
314800.0,-9.32
314900.0,-9.14
315000.0,-9.24
315100.0,-9.19
315200.0,-9.16
315300.0,-9.22
315400.0,-9.0
315500.0,-8.75
315600.0,-8.69
315700.0,-8.6
315800.0,-8.629999999999999
315900.0,-8.66
316000.0,-8.65
316100.0,-8.49
316200.0,-8.46
316300.0,-8.36
316400.0,-8.14
316500.0,-7.71
316600.0,-7.32
316700.0,-7.38
316800.0,-7.34
316900.0,-7.25
317000.0,-6.99
317100.0,-7.0
317200.0,-7.01
317300.0,-7.08
317400.0,-6.95
317500.0,-6.82
317600.0,-6.91
317700.0,-7.15
317800.0,-6.96
317900.0,-7.13
318000.0,-7.23
318100.0,-7.57
318200.0,-7.53
318300.0,-7.84
318400.0,-7.93
318500.0,-7.85
318600.0,-7.81
318700.0,-7.9
318800.0,-7.91
318900.0,-7.84
319000.0,-7.71
319100.0,-7.76
319200.0,-7.67
319300.0,-7.56
319400.0,-7.35
319500.0,-7.5
319600.0,-7.38
319700.0,-7.34
319800.0,-7.43
319900.0,-7.45
320000.0,-7.43
320100.0,-7.39
320200.0,-7.2
320300.0,-7.28
320400.0,-7.1
320500.0,-7.28
320600.0,-7.33
320700.0,-7.26
320800.0,-7.45
320900.0,-7.19
321000.0,-7.15
321100.0,-7.2
321200.0,-7.03
321300.0,-7.28
321400.0,-7.16
321500.0,-7.26
321600.0,-7.14
321700.0,-7.19
321800.0,-7.01
321900.0,-7.02
322000.0,-7.32
322100.0,-7.1
322200.0,-7.06
322300.0,-7.01
322400.0,-7.07
322500.0,-7.18
322600.0,-7.32
322700.0,-7.08
322800.0,-7.1
322900.0,-7.03
323000.0,-7.08
323100.0,-7.2
323200.0,-7.02
323300.0,-7.35
323400.0,-7.44
323500.0,-7.1
323600.0,-7.48
323700.0,-7.45
323800.0,-7.68
323900.0,-7.6
324000.0,-7.57
324100.0,-7.61
324200.0,-7.76
324300.0,-7.93
324400.0,-7.98
324500.0,-8.16
324600.0,-8.14
324700.0,-8.29
324800.0,-8.17
324900.0,-8.19
325000.0,-8.25
325100.0,-8.4
325200.0,-8.64
325300.0,-8.53
325400.0,-8.53
325500.0,-8.68
325600.0,-8.53
325700.0,-8.72
325800.0,-8.72
325900.0,-8.89
326000.0,-8.68
326100.0,-8.86
326200.0,-8.94
326300.0,-9.3
326400.0,-9.15
326500.0,-9.17
326600.0,-9.22
326700.0,-9.36
326800.0,-9.23
326900.0,-9.41
327000.0,-9.55
327100.0,-9.14
327200.0,-9.54
327300.0,-9.8
327400.0,-9.5
327500.0,-9.61
327600.0,-9.88
327700.0,-9.93
327800.0,-9.76
327900.0,-9.54
328000.0,-9.54
328100.0,-9.78
328200.0,-9.94
328300.0,-10.03
328400.0,-9.95
328500.0,-10.07
328600.0,-10.01
328700.0,-10.18
328800.0,-10.13
328900.0,-10.12
329000.0,-10.1
329100.0,-10.03
329200.0,-10.35
329300.0,-10.27
329400.0,-10.18
329500.0,-9.86
329600.0,-9.94
329700.0,-9.73
329800.0,-10.13
329900.0,-10.11
330000.0,-10.03
330100.0,-10.29
330200.0,-10.13
330300.0,-10.19
330400.0,-10.13
330500.0,-10.25
330600.0,-10.27
330700.0,-10.3
330800.0,-10.29
330900.0,-10.33
331000.0,-10.36
331100.0,-10.43
331200.0,-10.44
331300.0,-10.43
331400.0,-10.47
331500.0,-10.3
331600.0,-10.22
331700.0,-10.35
331800.0,-10.18
331900.0,-10.18
332000.0,-10.23
332100.0,-10.13
332200.0,-10.03
332300.0,-10.04
332400.0,-9.89
332500.0,-9.96
332600.0,-9.85
332700.0,-9.75
332800.0,-9.79
332900.0,-9.86
333000.0,-9.48
333100.0,-9.67
333200.0,-9.46
333300.0,-9.51
333400.0,-9.46
333500.0,-9.38
333600.0,-9.58
333700.0,-9.2
333800.0,-9.18
333900.0,-9.08
334000.0,-8.82
334100.0,-8.59
334200.0,-8.56
334300.0,-8.1
334400.0,-7.89
334500.0,-7.55
334600.0,-7.5
334700.0,-7.04
334800.0,-6.98
334900.0,-7.03
335000.0,-6.94
335100.0,-6.85
335200.0,-6.9
335300.0,-6.86
335400.0,-6.8
335500.0,-6.89
335600.0,-7.08
335700.0,-6.79
335800.0,-6.77
335900.0,-6.92
336000.0,-6.56
336100.0,-6.79
336200.0,-6.66
336300.0,-6.55
336400.0,-6.73
336500.0,-6.8
336600.0,-6.73
336700.0,-6.86
336800.0,-6.72
336900.0,-6.76
337000.0,-6.47
337100.0,-6.62
337200.0,-6.5
337300.0,-6.54
337400.0,-6.2
337500.0,-6.14
337600.0,-6.01
337700.0,-5.88
337800.0,-5.84
337900.0,-5.9
338000.0,-5.87
338100.0,-5.97
338200.0,-5.86
338300.0,-5.83
338400.0,-5.82
338500.0,-5.79
338600.0,-5.59
338700.0,-5.5
338800.0,-5.1
338900.0,-5.57
339000.0,-5.89
339100.0,-5.7
339200.0,-5.74
339300.0,-5.94
339400.0,-5.93
339500.0,-5.94
339600.0,-5.57
339700.0,-5.79
339800.0,-5.59
339900.0,-5.49
340000.0,-5.735
340100.0,-5.98
340200.0,-5.92
340300.0,-6.06
340400.0,-5.97
340500.0,-5.83
340600.0,-5.94
340700.0,-6.04
340800.0,-6.23
340900.0,-6.25
341000.0,-6.43
341100.0,-6.46
341200.0,-6.65
341300.0,-6.6
341400.0,-6.64
341500.0,-6.75
341600.0,-6.86
341700.0,-6.95
341800.0,-7.21
341900.0,-7.06
342000.0,-7.04
342100.0,-7.26
342200.0,-7.36
342300.0,-7.56
342400.0,-7.42
342500.0,-7.54
342600.0,-7.45
342700.0,-7.61
342800.0,-7.68
342900.0,-7.6
343000.0,-7.76
343100.0,-7.82
343200.0,-7.71
343300.0,-7.69
343400.0,-7.78
343500.0,-7.84
343600.0,-7.79
343700.0,-7.77
343800.0,-7.82
343900.0,-7.81
344000.0,-7.92
344100.0,-7.94
344200.0,-7.86
344300.0,-7.95
344400.0,-7.82
344500.0,-7.86
344600.0,-7.78
344700.0,-7.81
344800.0,-7.82
344900.0,-7.83
345000.0,-7.88
345100.0,-7.92
345200.0,-7.89
345300.0,-8.04
345400.0,-8.06
345500.0,-8.1
345600.0,-8.22
345700.0,-8.22
345800.0,-8.25
345900.0,-8.17
346000.0,-8.2
346100.0,-8.22
346200.0,-8.25
346300.0,-8.28
346400.0,-8.27
346500.0,-8.2
346600.0,-8.29
346700.0,-8.12
346800.0,-8.31
346900.0,-8.32
347000.0,-8.32
347100.0,-8.35
347200.0,-8.28
347300.0,-8.29
347400.0,-8.18
347500.0,-8.26
347600.0,-8.21
347700.0,-8.38
347800.0,-8.39
347900.0,-8.51
348000.0,-8.53
348100.0,-8.58
348200.0,-8.46
348300.0,-8.39
348400.0,-8.41
348500.0,-8.58
348600.0,-8.49
348700.0,-8.6
348800.0,-8.52
348900.0,-8.5
349000.0,-8.55
349100.0,-8.49
349200.0,-8.61
349300.0,-8.93
349400.0,-8.55
349500.0,-8.14
349600.0,-9.35
349700.0,-9.31
349800.0,-9.266666666666667
349900.0,-9.223333333333333
350000.0,-9.18
350100.0,-9.183333333333334
350200.0,-9.186666666666666
350300.0,-9.19
350400.0,-9.136666666666667
350500.0,-9.083333333333332
350600.0,-9.03
350700.0,-9.0175
350800.0,-9.004999999999999
350900.0,-8.9925
351000.0,-8.98
351100.0,-8.89
351200.0,-8.8
351300.0,-8.71
351400.0,-8.573333333333334
351500.0,-8.436666666666667
351600.0,-8.3
351700.0,-8.376666666666667
351800.0,-8.453333333333333
351900.0,-8.53
352000.0,-8.596666666666666
352100.0,-8.663333333333334
352200.0,-8.73
352300.0,-8.68
352400.0,-8.63
352500.0,-8.58
352600.0,-8.53
352700.0,-8.453333333333333
352800.0,-8.376666666666667
352900.0,-8.3
353000.0,-8.263333333333334
353100.0,-8.226666666666667
353200.0,-8.19
353300.0,-8.53
353400.0,-8.53
353500.0,-8.53
353600.0,-8.54
353700.0,-8.42
353800.0,-8.49
353900.0,-8.56
354000.0,-8.55
354100.0,-8.66
354200.0,-8.75
354300.0,-8.65
354400.0,-8.75
354500.0,-8.61
354600.0,-8.82
354700.0,-8.62
354800.0,-8.52
354900.0,-8.61
355000.0,-8.7
355100.0,-8.72
355200.0,-8.42
355300.0,-8.72
355400.0,-8.87
355500.0,-8.805
355600.0,-8.74
355700.0,-8.92
355800.0,-8.75
355900.0,-8.75
356000.0,-8.7
356100.0,-8.83
356200.0,-8.7
356300.0,-8.82
356400.0,-9.05
356500.0,-9.19
356600.0,-9.19
356700.0,-8.99
356800.0,-8.9
356900.0,-8.83
357000.0,-8.95
357100.0,-8.87
357200.0,-8.79
357300.0,-8.76
357400.0,-8.74
357500.0,-8.78
357600.0,-8.72
357700.0,-8.62
357800.0,-8.64
357900.0,-8.7
358000.0,-8.65
358100.0,-8.62
358200.0,-8.86
358300.0,-8.95
358400.0,-8.98
358500.0,-8.99
358600.0,-8.94
358700.0,-8.885
358800.0,-8.83
358900.0,-8.9
359000.0,-8.98
359100.0,-8.9
359200.0,-8.98
359300.0,-8.95
359400.0,-8.98
359500.0,-8.93
359600.0,-8.98
359700.0,-8.96
359800.0,-8.96
359900.0,-8.88
360000.0,-8.79
360100.0,-8.73
360200.0,-8.69
360300.0,-8.65
360400.0,-8.705
360500.0,-8.76
360600.0,-8.76
360700.0,-8.78
360800.0,-8.83
360900.0,-8.87
361000.0,-8.76
361100.0,-8.79
361200.0,-8.8
361300.0,-8.81
361400.0,-8.87
361500.0,-8.73
361600.0,-8.81
361700.0,-8.79
361800.0,-8.85
361900.0,-8.82
362000.0,-8.9
362100.0,-8.98
362200.0,-9.07
362300.0,-9.08
362400.0,-9.01
362500.0,-9.03
362600.0,-8.96
362700.0,-9.03
362800.0,-8.96
362900.0,-9.12
363000.0,-9.02
363100.0,-9.09
363200.0,-9.09
363300.0,-9.15
363400.0,-9.12
363500.0,-9.09
363600.0,-8.965
363700.0,-8.84
363800.0,-8.79
363900.0,-8.45
364000.0,-8.58
364100.0,-8.57
364200.0,-8.77
364300.0,-8.97
364400.0,-9.16
364500.0,-9.25
364600.0,-9.38
364700.0,-9.46
364800.0,-9.62
364900.0,-9.53
365000.0,-9.41
365100.0,-9.45
365200.0,-9.45
365300.0,-9.45
365400.0,-9.27
365500.0,-9.14
365600.0,-9.07
365700.0,-9.01
365800.0,-8.95
365900.0,-8.0
366000.0,-8.209999999999999
366100.0,-8.42
366200.0,-8.63
366300.0,-8.65
366400.0,-8.75
366500.0,-8.58
366600.0,-8.68
366700.0,-8.66
366800.0,-8.83
366900.0,-9.0
367000.0,-9.21
367100.0,-9.1
367200.0,-9.24
367300.0,-9.28
367400.0,-9.68
367500.0,-9.774999999999999
367600.0,-9.87
367700.0,-9.96
367800.0,-9.9
367900.0,-9.76
368000.0,-9.45
368100.0,-9.42
368200.0,-9.39
368300.0,-9.0
368400.0,-9.25
368500.0,-9.225
368600.0,-9.2
368700.0,-9.65
368800.0,-9.8
368900.0,-9.735
369000.0,-9.67
369100.0,-9.58
369200.0,-9.65
369300.0,-9.745000000000001
369400.0,-9.84
369500.0,-9.81
369600.0,-9.91
369700.0,-9.93
369800.0,-9.95
369900.0,-10.2
370000.0,-10.29
370100.0,-10.274999999999999
370200.0,-10.26
370300.0,-10.25
370400.0,-10.19
370500.0,-10.195
370600.0,-10.2
370700.0,-10.01
370800.0,-9.9
370900.0,-9.845
371000.0,-9.79
371100.0,-9.08
371200.0,-9.19
371300.0,-9.23
371400.0,-9.27
371500.0,-9.48
371600.0,-9.83
371700.0,-9.885
371800.0,-9.94
371900.0,-9.92
372000.0,-10.03
372100.0,-10.075
372200.0,-10.12
372300.0,-9.98
372400.0,-10.14
372500.0,-10.120000000000001
372600.0,-10.1
372700.0,-10.47
372800.0,-10.52
372900.0,-10.555
373000.0,-10.59
373100.0,-10.74
373200.0,-10.73
373300.0,-10.685
373400.0,-10.64
373500.0,-10.63
373600.0,-10.61
373700.0,-10.655
373800.0,-10.7
373900.0,-10.62
374000.0,-10.58
374100.0,-10.61
374200.0,-10.64
374300.0,-10.59
374400.0,-10.35
374500.0,-10.39
374600.0,-10.3
374700.0,-10.33
374800.0,-10.33
374900.0,-10.22
375000.0,-10.22
375100.0,-10.21
375200.0,-10.25
375300.0,-10.44
375400.0,-10.46
375500.0,-10.45
375600.0,-10.42
375700.0,-10.47
375800.0,-10.43
375900.0,-10.41
376000.0,-9.95
376100.0,-9.88
376200.0,-9.68
376300.0,-9.99
376400.0,-10.02
376500.0,-10.13
376600.0,-10.18
376700.0,-10.08
376800.0,-10.04
376900.0,-10.02
377000.0,-10.02
377100.0,-10.03
377200.0,-9.83
377300.0,-9.66
377400.0,-9.55
377500.0,-9.25
377600.0,-8.14
377700.0,-7.92
377800.0,-7.95
377900.0,-8.03
378000.0,-7.96
378100.0,-8.08
378200.0,-8.42
378300.0,-9.07
378400.0,-9.23
378500.0,-9.3
378600.0,-9.32
378700.0,-9.4
378800.0,-9.4
378900.0,-9.48
379000.0,-9.45
379100.0,-9.56
379200.0,-9.67
379300.0,-9.68
379400.0,-9.67
379500.0,-9.72
379600.0,-9.72
379700.0,-9.77
379800.0,-9.77
379900.0,-9.82
380000.0,-9.85
380100.0,-9.83
380200.0,-9.86
380300.0,-9.79
380400.0,-9.88
380500.0,-9.94
380600.0,-9.83
380700.0,-9.82
380800.0,-9.94
380900.0,-9.87
381000.0,-9.89
381100.0,-9.77
381200.0,-9.82
381300.0,-9.81
381400.0,-9.72
381500.0,-9.77
381600.0,-9.766666666666666
381700.0,-9.763333333333334
381800.0,-9.76
381900.0,-9.706666666666667
382000.0,-9.653333333333332
382100.0,-9.6
382200.0,-9.533333333333333
382300.0,-9.466666666666667
382400.0,-9.4
382500.0,-9.41
382600.0,-9.42
382700.0,-9.43
382800.0,-9.423333333333334
382900.0,-9.416666666666666
383000.0,-9.41
383100.0,-9.4725
383200.0,-9.535
383300.0,-9.5975
383400.0,-9.66
383500.0,-9.716666666666667
383600.0,-9.773333333333333
383700.0,-9.83
383800.0,-9.66
383900.0,-9.49
384000.0,-9.32
384100.0,-9.43
384200.0,-9.49
384300.0,-9.5
384400.0,-9.51
384500.0,-9.415
384600.0,-9.32
384700.0,-9.370000000000001
384800.0,-9.42
384900.0,-9.54
385000.0,-9.55
385100.0,-9.56
385200.0,-9.635000000000002
385300.0,-9.71
385400.0,-9.573333333333334
385500.0,-9.436666666666667
385600.0,-9.3
385700.0,-9.33
385800.0,-9.36
385900.0,-9.28
386000.0,-9.19
386100.0,-9.1
386200.0,-8.99
386300.0,-9.02
386400.0,-9.05
386500.0,-8.81
386600.0,-8.965
386700.0,-9.12
386800.0,-9.03
386900.0,-9.004999999999999
387000.0,-8.98
387100.0,-8.94
387200.0,-8.91
387300.0,-8.75
387400.0,-8.59
387500.0,-8.75
387600.0,-8.745000000000001
387700.0,-8.74
387800.0,-8.81
387900.0,-8.925
388000.0,-9.04
388100.0,-9.13
388200.0,-9.15
388300.0,-9.17
388400.0,-9.23
388500.0,-9.195
388600.0,-9.16
388700.0,-9.23
388800.0,-9.13
388900.0,-9.11
389000.0,-9.09
389100.0,-9.05
389200.0,-8.99
389300.0,-8.93
389400.0,-9.1
389500.0,-8.93
389600.0,-8.76
389700.0,-9.15
389800.0,-9.15
389900.0,-9.15
390000.0,-9.22
390100.0,-9.135000000000002
390200.0,-9.05
390300.0,-9.12
390400.0,-9.08
390500.0,-8.96
390600.0,-8.84
390700.0,-8.97
390800.0,-8.870000000000001
390900.0,-8.77
391000.0,-8.84
391100.0,-8.75
391200.0,-8.66
391300.0,-8.33
391400.0,-8.335
391500.0,-8.34
391600.0,-8.55
391700.0,-8.29
391800.0,-8.51
391900.0,-8.73
392000.0,-8.0
392100.0,-7.99
392200.0,-8.64
392300.0,-9.29
392400.0,-8.08
392500.0,-8.16
392600.0,-8.24
392700.0,-8.18
392800.0,-8.28
392900.0,-8.64
393000.0,-9.0
393100.0,-8.46
393200.0,-8.42
393300.0,-8.559999999999999
393400.0,-8.7
393500.0,-8.21
393600.0,-8.025
393700.0,-7.84
393800.0,-7.8
393900.0,-7.77
394000.0,-7.81
394100.0,-7.85
394200.0,-7.81
394300.0,-7.85
394400.0,-7.785
394500.0,-7.72
394600.0,-7.73
394700.0,-7.6
394800.0,-7.6
394900.0,-7.6
395000.0,-7.57
395100.0,-7.545
395200.0,-7.52
395300.0,-7.46
395400.0,-7.69
395500.0,-7.68
395600.0,-7.67
395700.0,-7.4
395800.0,-7.51
395900.0,-7.52
396000.0,-7.53
396100.0,-7.59
396200.0,-7.62
396300.0,-7.65
396400.0,-7.81
396500.0,-7.62
396600.0,-7.745
396700.0,-7.87
396800.0,-7.86
396900.0,-7.69
397000.0,-7.78
397100.0,-7.9
397200.0,-7.89
397300.0,-8.03
397400.0,-8.03
397500.0,-8.12
397600.0,-7.92
397700.0,-8.11
397800.0,-8.11
397900.0,-8.43
398000.0,-8.1
398100.0,-8.21
398200.0,-8.27
398300.0,-8.28
398400.0,-8.55
398500.0,-8.59
398600.0,-8.63
398700.0,-8.62
398800.0,-8.34
398900.0,-8.81
399000.0,-8.81
399100.0,-8.82
399200.0,-8.75
399300.0,-8.79
399400.0,-8.87
399500.0,-8.9
399600.0,-8.88
399700.0,-8.9
399800.0,-8.92
399900.0,-9.1
400000.0,-9.12
